Resolving dependencies...
Downloading packages...
  _flutterfire_internals 1.3.59 (1.3.68 available)
  appwrite 20.3.1 (23.0.0 available)
  archive 4.0.7 (4.0.9 available)
  async 2.13.0 (2.13.1 available)
  cached_network_image 3.4.0 (3.4.1 available)
  cached_network_image_web 1.3.0 (1.3.1 available)
  characters 1.4.0 (1.4.1 available)
  cookie_jar 4.0.8 (4.0.9 available)
  cross_file 0.3.5 (0.3.5+2 available)
  crypto 3.0.6 (3.0.7 available)
  cryptography 2.7.0 (2.9.0 available)
  cupertino_icons 1.0.8 (1.0.9 available)
  device_info_plus 12.2.0 (12.4.0 available)
  ffi 2.1.4 (2.2.0 available)
  file_selector_linux 0.9.3+2 (0.9.4 available)
  file_selector_macos 0.9.4+5 (0.9.5 available)
  file_selector_platform_interface 2.6.2 (2.7.0 available)
  file_selector_windows 0.9.3+4 (0.9.3+5 available)
  firebase_analytics 11.6.0 (12.2.0 available)
  firebase_analytics_platform_interface 4.4.3 (5.1.0 available)
  firebase_analytics_web 0.5.10+16 (0.6.1+4 available)
  firebase_core 3.15.2 (4.6.0 available)
  firebase_core_web 2.24.1 (3.5.1 available)
  firebase_messaging 15.2.10 (16.1.3 available)
  firebase_messaging_platform_interface 4.6.10 (4.7.8 available)
  firebase_messaging_web 3.10.10 (4.1.4 available)
  flutter_dotenv 5.2.1 (6.0.0 available)
  flutter_inappwebview_internal_annotations 1.2.0 (1.3.0 available)
  flutter_local_notifications 18.0.1 (21.0.0 available)
  flutter_local_notifications_linux 5.0.0 (8.0.0 available)
  flutter_local_notifications_platform_interface 8.0.0 (11.0.0 available)
  flutter_plugin_android_lifecycle 2.0.32 (2.0.34 available)
  flutter_secure_storage 9.2.4 (10.0.0 available)
  flutter_secure_storage_linux 1.2.3 (3.0.0 available)
  flutter_secure_storage_macos 3.1.3 (4.0.0 available)
  flutter_secure_storage_platform_interface 1.1.2 (2.0.1 available)
  flutter_secure_storage_web 1.2.1 (2.1.0 available)
  flutter_secure_storage_windows 3.1.2 (4.1.0 available)
  flutter_sound 9.28.0 (9.30.0 available)
  flutter_sound_platform_interface 9.28.0 (10.3.8 available)
  flutter_sound_web 9.28.0 (10.3.8 available)
  flutter_web_auth_2 4.1.0 (5.0.1 available)
  flutter_web_auth_2_platform_interface 4.1.0 (5.0.0 available)
  fluttertoast 8.2.14 (9.0.0 available)
  google_fonts 6.3.2 (8.0.2 available)
  google_mobile_ads 5.3.1 (7.0.0 available)
  http 1.5.0 (1.6.0 available)
  image 4.5.4 (4.8.0 available)
  image_picker 1.2.0 (1.2.1 available)
  image_picker_android 0.8.13+7 (0.8.13+15 available)
  image_picker_for_web 3.1.0 (3.1.1 available)
  image_picker_ios 0.8.13+1 (0.8.13+6 available)
  js 0.6.7 (0.7.2 available)
  json_annotation 4.9.0 (4.11.0 available)
  lints 6.0.0 (6.1.0 available)
  logger 2.6.2 (2.7.0 available)
  matcher 0.12.17 (0.12.19 available)
  material_color_utilities 0.11.1 (0.13.0 available)
  meta 1.17.0 (1.18.2 available)
  path_provider_android 2.2.20 (2.2.23 available)
  path_provider_foundation 2.4.3 (2.6.0 available)
  permission_handler 11.4.0 (12.0.1 available)
  permission_handler_android 12.1.0 (13.0.1 available)
  petitparser 7.0.1 (7.0.2 available)
  posix 6.0.3 (6.5.0 available)
  share_plus 12.0.1 (12.0.2 available)
  shared_preferences 2.5.3 (2.5.5 available)
  shared_preferences_android 2.4.15 (2.4.23 available)
  shared_preferences_foundation 2.5.5 (2.5.6 available)
  shared_preferences_platform_interface 2.4.1 (2.4.2 available)
  source_span 1.10.1 (1.10.2 available)
  sqflite_android 2.4.2+2 (2.4.2+3 available)
  test_api 0.7.7 (0.7.11 available)
  timezone 0.10.1 (0.11.0 available)
  universal_io 2.2.2 (2.3.1 available)
  url_launcher_android 6.3.24 (6.3.29 available)
  url_launcher_ios 6.3.5 (6.4.1 available)
  url_launcher_linux 3.2.1 (3.2.2 available)
  url_launcher_macos 3.2.4 (3.2.5 available)
  url_launcher_web 2.4.1 (2.4.2 available)
  url_launcher_windows 3.1.4 (3.1.5 available)
  uuid 4.5.1 (4.5.3 available)
  vector_math 2.2.0 (2.3.0 available)
  video_player 2.10.0 (2.11.1 available)
  video_player_android 2.8.17 (2.9.5 available)
  video_player_avfoundation 2.8.5 (2.9.4 available)
  webview_flutter 4.13.0 (4.13.1 available)
  webview_flutter_android 4.10.9 (4.10.15 available)
  webview_flutter_platform_interface 2.14.0 (2.15.1 available)
  webview_flutter_wkwebview 3.23.4 (3.24.2 available)
  win32 5.15.0 (6.0.0 available)
  win32_registry 2.1.0 (3.0.2 available)
Got dependencies!
92 packages have newer versions incompatible with dependency constraints.
Try `flutter pub outdated` for more information.
Launching lib\main.dart on TECNO KM4 in debug mode...
Running Gradle task 'assembleDebug'...                          

C:\XapZap\xapzap\android>if "Windows_NT" == "Windows_NT" setlocal

C:\XapZap\xapzap\android>set DEFAULT_JVM_OPTS= 

C:\XapZap\xapzap\android>set DIRNAME=C:\XapZap\xapzap\android\ 

C:\XapZap\xapzap\android>if "C:\XapZap\xapzap\android\" == "" set DIRNAME=. 

C:\XapZap\xapzap\android>set APP_BASE_NAME=gradlew 

C:\XapZap\xapzap\android>set APP_HOME=C:\XapZap\xapzap\android\ 

C:\XapZap\xapzap\android>if defined JAVA_HOME goto findJavaFromJavaHome 

C:\XapZap\xapzap\android>set JAVA_HOME=C:\Program Files\Android\Android Studio\jbr 

C:\XapZap\xapzap\android>set JAVA_EXE=C:\Program Files\Android\Android Studio\jbr/bin/java.exe 

C:\XapZap\xapzap\android>if exist "C:\Program Files\Android\Android Studio\jbr/bin/java.exe" goto init 

C:\XapZap\xapzap\android>if not "Windows_NT" == "Windows_NT" goto win9xME_args 

C:\XapZap\xapzap\android>if "@eval[2+2]" == "4" goto 4NT_args 

C:\XapZap\xapzap\android>set CMD_LINE_ARGS= 

C:\XapZap\xapzap\android>set _SKIP=2 

C:\XapZap\xapzap\android>if "x-q" == "x" goto execute 

C:\XapZap\xapzap\android>set CMD_LINE_ARGS=-q -Ptarget-platform=android-arm64 -Ptarget=C:\XapZap\xapzap\lib\main.dart -Pbase-application-name=android.app.Application -Pdart-defines=RkxVVFRFUl9WRVJTSU9OPTMuMzguNQ==,RkxVVFRFUl9DSEFOTkVMPXN0YWJsZQ==,RkxVVFRFUl9HSVRfVVJMPWh0dHBzOi8vZ2l0aHViLmNvbS9mbHV0dGVyL2ZsdXR0ZXIuZ2l0,RkxVVFRFUl9GUkFNRVdPUktfUkVWSVNJT049ZjZmZjE1MjlmZA==,RkxVVFRFUl9FTkdJTkVfUkVWSVNJT049MTUyN2FlMGVjNQ==,RkxVVFRFUl9EQVJUX1ZFUlNJT049My4xMC40 -Pdart-obfuscation=false -Ptrack-widget-creation=true -Ptree-shake-icons=false -Pfilesystem-scheme=org-dartlang-root assembleDebug 

C:\XapZap\xapzap\android>goto execute 

C:\XapZap\xapzap\android>set CLASSPATH=C:\XapZap\xapzap\android\\gradle\wrapper\gradle-wrapper.jar 

C:\XapZap\xapzap\android>"C:\Program Files\Android\Android Studio\jbr/bin/java.exe"    "-Dorg.gradle.appname=gradlew" -classpath "C:\XapZap\xapzap\android\\gradle\wrapper\gradle-wrapper.jar" org.gradle.wrapper.GradleWrapperMain -q -Ptarget-platform=android-arm64 -Ptarget=C:\XapZap\xapzap\lib\main.dart -Pbase-application-name=android.app.Application -Pdart-defines=RkxVVFRFUl9WRVJTSU9OPTMuMzguNQ==,RkxVVFRFUl9DSEFOTkVMPXN0YWJsZQ==,RkxVVFRFUl9HSVRfVVJMPWh0dHBzOi8vZ2l0aHViLmNvbS9mbHV0dGVyL2ZsdXR0ZXIuZ2l0,RkxVVFRFUl9GUkFNRVdPUktfUkVWSVNJT049ZjZmZjE1MjlmZA==,RkxVVFRFUl9FTkdJTkVfUkVWSVNJT049MTUyN2FlMGVjNQ==,RkxVVFRFUl9EQVJUX1ZFUlNJT049My4xMC40 -Pdart-obfuscation=false -Ptrack-widget-creation=true -Ptree-shake-icons=false -Pfilesystem-scheme=org-dartlang-root assembleDebug 
I/flutter (29963): Received heartbeat response from realtime server
I/flutter (29963): Received heartbeat response from realtime server
I/flutter (29963): Received heartbeat response from realtime server
I/flutter (29963): subscription: wss://nyc.cloud.appwrite.io/v1/realtime?project=690641ad0029b51eefe0&channels%5B%5D=databases.xapzap_db.collections.messages.documents&channels%5B%5D=databases.xapzap_db.collections.notifications.documents&channels%5B%5D=databases.xapzap_db.collections.posts.documents&channels%5B%5D=databases.xapzap_db.collections.profiles.documents.69c18a3933fc9c958c70&channels%5B%5D=databases.xapzap_db.collections.posts.documents.69c92253c8f107bf0ed0&channels%5B%5D=databases.xapzap_db.collections.posts.documents.69ce54e86a892a5faf3c&channels%5B%5D=databases.xapzap_db.collections.posts.documents.69ce5d55c124dbc99ee8&channels%5B%5D=databases.xapzap_db.collections.posts.documents.69ce8351eecbc8cb6af1&channels%5B%5D=databases.xapzap_db.collections.posts.documents.69ce5a3a67d63317ebfa&channels%5B%5D=databases.xapzap_db.collections.posts.documents.69c6590b34a49cc2fcbf&channels%5B%5D=databases.xapzap_db.collections.posts.documents.69caaf9c47ba68ef245e
I/flutter (29963): subscription: wss://nyc.cloud.appwrite.io/v1/realtime?project=690641ad0029b51eefe0&channels%5B%5D=databases.xapzap_db.collections.messages.documents&channels%5B%5D=databases.xapzap_db.collections.notifications.documents&channels%5B%5D=databases.xapzap_db.collections.posts.documents&channels%5B%5D=databases.xapzap_db.collections.profiles.documents.69c18a3933fc9c958c70&channels%5B%5D=databases.xapzap_db.collections.posts.documents.69c92253c8f107bf0ed0&channels%5B%5D=databases.xapzap_db.collections.posts.documents.69ce8351eecbc8cb6af1&channels%5B%5D=databases.xapzap_db.collections.posts.documents.69ce5a3a67d63317ebfa&channels%5B%5D=databases.xapzap_db.collections.posts.documents.69c6590b34a49cc2fcbf&channels%5B%5D=databases.xapzap_db.collections.posts.documents.69caaf9c47ba68ef245e&channels%5B%5D=databases.xapzap_db.collections.posts.documents.69ce5ad881b6d54c76ba&channels%5B%5D=databases.xapzap_db.collections.posts.documents.69ce5c8ca683e707b6df
I/flutter (29963): subscription: wss://nyc.cloud.appwrite.io/v1/realtime?project=690641ad0029b51eefe0&channels%5B%5D=databases.xapzap_db.collections.messages.documents&channels%5B%5D=databases.xapzap_db.collections.notifications.documents&channels%5B%5D=databases.xapzap_db.collections.posts.documents&channels%5B%5D=databases.xapzap_db.collections.profiles.documents.69c18a3933fc9c958c70&channels%5B%5D=databases.xapzap_db.collections.posts.documents.69c92253c8f107bf0ed0&channels%5B%5D=databases.xapzap_db.collections.posts.documents.69caaf9c47ba68ef245e&channels%5B%5D=databases.xapzap_db.collections.posts.documents.69ce5ad881b6d54c76ba&channels%5B%5D=databases.xapzap_db.collections.posts.documents.69ce5c8ca683e707b6df&channels%5B%5D=databases.xapzap_db.collections.posts.documents.69ce82402886cf2eb1da
I/flutter (29963): subscription: wss://nyc.cloud.appwrite.io/v1/realtime?project=690641ad0029b51eefe0&channels%5B%5D=databases.xapzap_db.collections.messages.documents&channels%5B%5D=databases.xapzap_db.collections.notifications.documents&channels%5B%5D=databases.xapzap_db.collections.posts.documents&channels%5B%5D=databases.xapzap_db.collections.profiles.documents.69c18a3933fc9c958c70&channels%5B%5D=databases.xapzap_db.collections.posts.documents.69c92253c8f107bf0ed0&channels%5B%5D=databases.xapzap_db.collections.posts.documents.69ce5c8ca683e707b6df&channels%5B%5D=databases.xapzap_db.collections.posts.documents.69ce82402886cf2eb1da&channels%5B%5D=databases.xapzap_db.collections.posts.documents.69c585a0cba1c1ee7a25
I/flutter (29963): subscription: wss://nyc.cloud.appwrite.io/v1/realtime?project=690641ad0029b51eefe0&channels%5B%5D=databases.xapzap_db.collections.messages.documents&channels%5B%5D=databases.xapzap_db.collections.notifications.documents&channels%5B%5D=databases.xapzap_db.collections.posts.documents&channels%5B%5D=databases.xapzap_db.collections.profiles.documents.69c18a3933fc9c958c70&channels%5B%5D=databases.xapzap_db.collections.posts.documents.69c92253c8f107bf0ed0&channels%5B%5D=databases.xapzap_db.collections.posts.documents.69ce5c8ca683e707b6df&channels%5B%5D=databases.xapzap_db.collections.posts.documents.69ce82402886cf2eb1da&channels%5B%5D=databases.xapzap_db.collections.posts.documents.69c585a0cba1c1ee7a25&channels%5B%5D=databases.xapzap_db.collections.posts.documents.69ce5ad881b6d54c76ba
I/flutter (29963): subscription: wss://nyc.cloud.appwrite.io/v1/realtime?project=690641ad0029b51eefe0&channels%5B%5D=databases.xapzap_db.collections.messages.documents&channels%5B%5D=databases.xapzap_db.collections.notifications.documents&channels%5B%5D=databases.xapzap_db.collections.posts.documents&channels%5B%5D=databases.xapzap_db.collections.profiles.documents.69c18a3933fc9c958c70&channels%5B%5D=databases.xapzap_db.collections.posts.documents.69c92253c8f107bf0ed0&channels%5B%5D=databases.xapzap_db.collections.posts.documents.69ce5c8ca683e707b6df&channels%5B%5D=databases.xapzap_db.collections.posts.documents.69ce82402886cf2eb1da&channels%5B%5D=databases.xapzap_db.collections.posts.documents.69c585a0cba1c1ee7a25&channels%5B%5D=databases.xapzap_db.collections.posts.documents.69ce5ad881b6d54c76ba&channels%5B%5D=databases.xapzap_db.collections.posts.documents.69caaf9c47ba68ef245e
I/flutter (29963): subscription: wss://nyc.cloud.appwrite.io/v1/realtime?project=690641ad0029b51eefe0&channels%5B%5D=databases.xapzap_db.collections.messages.documents&channels%5B%5D=databases.xapzap_db.collections.notifications.documents&channels%5B%5D=databases.xapzap_db.collections.posts.documents&channels%5B%5D=databases.xapzap_db.collections.profiles.documents.69c18a3933fc9c958c70&channels%5B%5D=databases.xapzap_db.collections.posts.documents.69c92253c8f107bf0ed0&channels%5B%5D=databases.xapzap_db.collections.posts.documents.69ce5c8ca683e707b6df&channels%5B%5D=databases.xapzap_db.collections.posts.documents.69ce82402886cf2eb1da&channels%5B%5D=databases.xapzap_db.collections.posts.documents.69ce5ad881b6d54c76ba&channels%5B%5D=databases.xapzap_db.collections.posts.documents.69caaf9c47ba68ef245e
I/flutter (29963): subscription: wss://nyc.cloud.appwrite.io/v1/realtime?project=690641ad0029b51eefe0&channels%5B%5D=databases.xapzap_db.collections.messages.documents&channels%5B%5D=databases.xapzap_db.collections.notifications.documents&channels%5B%5D=databases.xapzap_db.collections.posts.documents&channels%5B%5D=databases.xapzap_db.collections.profiles.documents.69c18a3933fc9c958c70&channels%5B%5D=databases.xapzap_db.collections.posts.documents.69c92253c8f107bf0ed0&channels%5B%5D=databases.xapzap_db.collections.posts.documents.69ce5c8ca683e707b6df&channels%5B%5D=databases.xapzap_db.collections.posts.documents.69ce82402886cf2eb1da&channels%5B%5D=databases.xapzap_db.collections.posts.documents.69ce5ad881b6d54c76ba&channels%5B%5D=databases.xapzap_db.collections.posts.documents.69caaf9c47ba68ef245e&channels%5B%5D=databases.xapzap_db.collections.posts.documents.69c585a0cba1c1ee7a25
I/flutter (29963): subscription: wss://nyc.cloud.appwrite.io/v1/realtime?project=690641ad0029b51eefe0&channels%5B%5D=databases.xapzap_db.collections.messages.documents&channels%5B%5D=databases.xapzap_db.collections.notifications.documents&channels%5B%5D=databases.xapzap_db.collections.posts.documents&channels%5B%5D=databases.xapzap_db.collections.profiles.documents.69c18a3933fc9c958c70&channels%5B%5D=databases.xapzap_db.collections.posts.documents.69c92253c8f107bf0ed0&channels%5B%5D=databases.xapzap_db.collections.posts.documents.69ce5c8ca683e707b6df&channels%5B%5D=databases.xapzap_db.collections.posts.documents.69ce82402886cf2eb1da&channels%5B%5D=databases.xapzap_db.collections.posts.documents.69ce5ad881b6d54c76ba&channels%5B%5D=databases.xapzap_db.collections.posts.documents.69caaf9c47ba68ef245e

C:\XapZap\xapzap\android>if "0" == "0" goto mainEnd 

C:\XapZap\xapzap\android>if "Windows_NT" == "Windows_NT" endlocal
Running Gradle task 'assembleDebug'...                             86.7s
√ Built build\app\outputs\flutter-apk\app-debug.apk
I/flutter (29963): subscription: wss://nyc.cloud.appwrite.io/v1/realtime?project=690641ad0029b51eefe0&channels%5B%5D=databases.xapzap_db.collections.messages.documents&channels%5B%5D=databases.xapzap_db.collections.notifications.documents&channels%5B%5D=databases.xapzap_db.collections.posts.documents&channels%5B%5D=databases.xapzap_db.collections.profiles.documents.69c18a3933fc9c958c70&channels%5B%5D=databases.xapzap_db.collections.posts.documents.69c92253c8f107bf0ed0&channels%5B%5D=databases.xapzap_db.collections.posts.documents.69ce5c8ca683e707b6df&channels%5B%5D=databases.xapzap_db.collections.posts.documents.69ce5ad881b6d54c76ba&channels%5B%5D=databases.xapzap_db.collections.posts.documents.69caaf9c47ba68ef245e&channels%5B%5D=databases.xapzap_db.collections.posts.documents.69c6590b34a49cc2fcbf&channels%5B%5D=databases.xapzap_db.collections.posts.documents.69ce5a3a67d63317ebfa&channels%5B%5D=databases.xapzap_db.collections.posts.documents.69ce8351eecbc8cb6af1&channels%5B%5D=databases.xapzap_db.collections.posts.documents.69
Installing build\app\outputs\flutter-apk\app-debug.apk...           7.2s
D/FlutterJNI( 5483): Beginning load of flutter...
D/FlutterJNI( 5483): flutter (null) was loaded normally!
I/flutter ( 5483): [IMPORTANT:flutter/shell/platform/android/android_context_vk_impeller.cc(62)] Using the Impeller rendering backend (Vulkan).
I/codehive.appldq( 5483): Compiler allocated 5001KB to compile void android.view.ViewRootImpl.performTraversals()
Syncing files to device TECNO KM4...                            
W/DisplayEventDispatcher( 5483): Vsync time out! vsyncScheduleDelay=830ms
W/Choreographer( 5483): Already have a pending vsync event.  There should only be one at a time.
W/Choreographer( 5483): Already have a pending vsync event.  There should only be one at a time.
I/Choreographer( 5483): Skipped 54 frames!  The application may be doing too much work on its main thread.
D/LogUtil ( 5483): The value of DEBUG is: false
D/LogUtil ( 5483): mLogd_enable
D/FdLeakLice( 5483): FdLeakCheck app is not systemapp!!!
I/FLTFireBGExecutor( 5483): Creating background FlutterEngine instance, with args: [--enable-dart-profiling]
D/FLTFireContextHolder( 5483): received application context.
I/flutter ( 5483): [IMPORTANT:flutter/shell/platform/android/android_context_vk_impeller.cc(62)] Using the Impeller rendering backend (Vulkan).
Syncing files to device TECNO KM4...                               310ms

Flutter run key commands.
r Hot reload. 
R Hot restart.
h List all available interactive commands.
d Detach (terminate "flutter run" but leave application running).
c Clear the screen
q Quit (terminate the application on the device).

A Dart VM Service on TECNO KM4 is available at: http://127.0.0.1:55933/h9sFPC9yEcg=/
The Flutter DevTools debugger and profiler on TECNO KM4 is available at: http://127.0.0.1:55933/h9sFPC9yEcg=/devtools/?uri=ws://127.0.0.1:55933/h9sFPC9yEcg=/ws
I/Choreographer( 5483): Skipped 63 frames!  The application may be doing too much work on its main thread.
I/FLTFireMsgService( 5483): FlutterFirebaseMessagingBackgroundService started!
D/ProfileInstaller( 5483): Installing profile for badmuscodehive.appldq
D/os.SingleLice( 5483): instance successfully. com.transsion.view.accessibility.v1.AccessibilityNodeInfoLice@4a3e4ed from com.transsion.view.accessibility.AccessibilityNodeInfoLiceFactory
D/os.SingleLiceFactory( 5483): instance successfully. com.transsion.view.accessibility.v1.AccessibilityNodeInfoLice@4a3e4ed from android.view.accessibility.IAccessibilityLice
D/os.LiceInfo( 5483): instance successfully. com.transsion.view.accessibility.AccessibilityLice@5d6df22 from android.view.accessibility.IAccessibilityLice
W/codehive.appldq( 5483): userfaultfd: MOVE ioctl seems unsupported: Connection timed out
I/DynamiteModule( 5483): Considering local module com.google.android.gms.ads.dynamite:0 and remote module com.google.android.gms.ads.dynamite:260480602
I/DynamiteModule( 5483): Selected remote version of com.google.android.gms.ads.dynamite, version >= 260480602
V/DynamiteModule( 5483): Dynamite loader version >= 2, using loadModule2NoCrashUtils
W/codehive.appldq( 5483): ClassLoaderContext classpath element mismatch. expected=/data/app/~~hCG4MYuMCIYtjBDqTCqICw==/com.popdramas.top-V_Dp0us5WX38gwWTvPZtFA==/base.apk, found=/data/app/~~-y-bMAEWW_bbZZZUdM_kEA==/badmuscodehive.appldq-EIdi9D7SvH63wdVepHOT-w==/base.apk (DLC[];PCL[/data/app/~~hCG4MYuMCIYtjBDqTCqICw==/com.popdramas.top-V_Dp0us5WX38gwWTvPZtFA==/base.apk*1144006913] | DLC[];PCL[/data/app/~~-y-bMAEWW_bbZZZUdM_kEA==/badmuscodehive.appldq-EIdi9D7SvH63wdVepHOT-w==/base.apk*1752721487])
D/ApplicationLoaders( 5483): Returning zygote-cached class loader: /system/framework/org.apache.http.legacy.jar
I/Ads     ( 5483): Updating ad debug logging enablement.
W/Ads     ( 5483): Update ad debug logging enablement as false
W/libc    ( 5483): Access denied finding property "ro.vendor.tran.hr_spo2.option"
W/HeartRateOximetryLiceFactory( 5483): HeartRateOximetryLice is not supported
D/os.SingleLiceFactory( 5483): using android.hardware.ISensorManagerLice$Default@5d24feb instead of com.transsion.heartrateoximetry.HeartRateOximetryLiceFactory  from android.hardware.ISensorManagerLice
D/os.LiceInfo( 5483): instance successfully. com.transsion.hardware.SensorManagerLice@9a7d148 from android.hardware.ISensorManagerLice
I/WebViewFactory( 5483): Loading com.google.android.webview version 146.0.7680.164 (code 768016401)
W/ResourcesManager( 5483): Found a null ResourcesImpl, skipped.
V/ResourcesManager( 5483): The following library key has been added: ResourcesKey{ mHash=9ed662c2 mResDir=null mSplitDirs=[] mOverlayDirs=[/product/overlay/IconDefaultShape_C42.apk,/product/overlay/NavigationBarModeGestural/NavigationBarModeGesturalOverlay.apk,/data/resource-cache/com.android.systemui-neutral-wp39.frro,/data/resource-cache/com.android.systemui-accent-P0XQ.frro,/data/resource-cache/com.android.systemui-dynamic-5vaI.frro] mLibDirs=[/data/app/~~V71pcXpRyOMU5es-uVb1fg==/com.google.android.webview-G-ZOdjVOCuH_pJbXY2yWcA==/base.apk,/system/framework/android.test.base.jar] mDisplayId=0 mOverrideConfig=v35 mCompatInfo={280dpi always-compat mTimeFlag = 11458} mLoaders=[]}
D/ApplicationLoaders( 5483): Returning zygote-cached class loader: /system/framework/android.test.base.jar
W/codehive.appldq( 5483): Loading /data/app/~~V71pcXpRyOMU5es-uVb1fg==/com.google.android.webview-G-ZOdjVOCuH_pJbXY2yWcA==/oat/arm64/base.odex non-executable as it requires an image which we failed to load
D/nativeloader( 5483): Configuring clns-12 for other apk /data/app/~~V71pcXpRyOMU5es-uVb1fg==/com.google.android.webview-G-ZOdjVOCuH_pJbXY2yWcA==/base.apk. target_sdk_version=36, uses_libraries=, library_path=/data/app/~~V71pcXpRyOMU5es-uVb1fg==/com.google.android.webview-G-ZOdjVOCuH_pJbXY2yWcA==/lib/arm64:/data/app/~~V71pcXpRyOMU5es-uVb1fg==/com.google.android.webview-G-ZOdjVOCuH_pJbXY2yWcA==/base.apk!/lib/arm64-v8a, permitted_path=/data:/mnt/expand
I/cr_WVCFactoryProvider( 5483): version=146.0.7680.164 (768016401) minSdkVersion=29 multiprocess=true packageId=9 splits=<none>
D/nativeloader( 5483): Load /data/app/~~V71pcXpRyOMU5es-uVb1fg==/com.google.android.webview-G-ZOdjVOCuH_pJbXY2yWcA==/base.apk!/lib/arm64-v8a/libwebviewchromium.so using class loader ns clns-12 (caller=/data/app/~~V71pcXpRyOMU5es-uVb1fg==/com.google.android.webview-G-ZOdjVOCuH_pJbXY2yWcA==/base.apk): ok
D/nativeloader( 5483): Load /system/lib64/libwebviewchromium_plat_support.so using class loader ns clns-12 (caller=/data/app/~~V71pcXpRyOMU5es-uVb1fg==/com.google.android.webview-G-ZOdjVOCuH_pJbXY2yWcA==/base.apk): ok
I/cr_LibraryLoader( 5483): Successfully loaded native library
I/cr_CachingUmaRecorder( 5483): Flushed 22 samples from 21 histograms, 0 samples were dropped.
I/cr_ChildProcLH( 5483): ScopedServiceBindingBatch.tryActivate: false
I/cr_CombinedPProvider( 5483): #registerProvider() provider:WV.qk@4491e69 isPolicyCacheEnabled:false policyProvidersSize:0
I/cr_PolicyProvider( 5483): #setManagerAndSource() 0
I/cr_DisplayManager( 5483): Is Display Topology available: false
I/cr_CombinedPProvider( 5483): #linkNativeInternal() 1
I/cr_AppResProvider( 5483): #getApplicationRestrictionsFromUserManager() Bundle[EMPTY_PARCEL]
I/cr_PolicyProvider( 5483): #notifySettingsAvailable() 0
I/cr_CombinedPProvider( 5483): #onSettingsAvailable() 0
I/cr_CombinedPProvider( 5483): #flushPolicies()
W/chromium( 5483): [WARNING:android_webview/browser/network_service/net_helpers.cc:137] HTTP Cache size is: 20971520
I/Choreographer( 5483): Skipped 198 frames!  The application may be doing too much work on its main thread.
I/CameraManagerGlobal( 5483): Connecting to camera service
D/TranClassInfo( 5483): instance successfully. com.transsion.camera.camadapter.Implement.TranCamAdapterComponentImpl@b632199 from com.transsion.hubcore.camadapter.ITranCamAdapterComponent
D/TranClassInfo( 5483): instance successfully. com.transsion.hubcore.hardware.camera2.TranCameraManagerImpl@2c81c5e from com.transsion.hubcore.hardware.camera2.ITranCameraManager
D/TranCamManagerExt( 5483): ignore id:20
V/CameraManagerGlobal( 5483): ignore id:20
D/TranCamManagerExt( 5483): ignore id:21
V/CameraManagerGlobal( 5483): ignore id:21
D/TranCamManagerExt( 5483): ignore id:24
V/CameraManagerGlobal( 5483): ignore id:24
D/TranCamManagerExt( 5483): ignore id:30
V/CameraManagerGlobal( 5483): ignore id:30
D/TranCamManagerExt( 5483): ignore id:31
V/CameraManagerGlobal( 5483): ignore id:31
D/TranCamManagerExt( 5483): ignore id:36
V/CameraManagerGlobal( 5483): ignore id:36
D/TranCamManagerExt( 5483): ignore id:37
V/CameraManagerGlobal( 5483): ignore id:37
D/TranCamManagerExt( 5483): ignore id:38
V/CameraManagerGlobal( 5483): ignore id:38
D/TranCamManagerExt( 5483): ignore id:39
V/CameraManagerGlobal( 5483): ignore id:39
D/TranCamManagerExt( 5483): ignore id:42
V/CameraManagerGlobal( 5483): ignore id:42
D/TranCamManagerExt( 5483): ignore id:48
V/CameraManagerGlobal( 5483): ignore id:48
D/TranCamManagerExt( 5483): ignore id:51
V/CameraManagerGlobal( 5483): ignore id:51
D/TranCamManagerExt( 5483): ignore id:54
V/CameraManagerGlobal( 5483): ignore id:54
D/TranCamManagerExt( 5483): ignore id:55
V/CameraManagerGlobal( 5483): ignore id:55
D/TranCamManagerExt( 5483): ignore id:58
V/CameraManagerGlobal( 5483): ignore id:58
D/TranCamManagerExt( 5483): id:20 ignore...
I/CameraManagerGlobal( 5483): onTorchStatusChangedLocked id:20 ignore callback
D/TranCamManagerExt( 5483): id:21 ignore...
I/CameraManagerGlobal( 5483): onTorchStatusChangedLocked id:21 ignore callback
D/TranCamManagerExt( 5483): id:24 ignore...
I/CameraManagerGlobal( 5483): onTorchStatusChangedLocked id:24 ignore callback
D/TranCamManagerExt( 5483): id:30 ignore...
I/CameraManagerGlobal( 5483): onTorchStatusChangedLocked id:30 ignore callback
D/TranCamManagerExt( 5483): id:31 ignore...
I/CameraManagerGlobal( 5483): onTorchStatusChangedLocked id:31 ignore callback
D/TranCamManagerExt( 5483): id:36 ignore...
I/CameraManagerGlobal( 5483): onTorchStatusChangedLocked id:36 ignore callback
D/TranCamManagerExt( 5483): id:37 ignore...
I/CameraManagerGlobal( 5483): onTorchStatusChangedLocked id:37 ignore callback
D/TranCamManagerExt( 5483): id:38 ignore...
I/CameraManagerGlobal( 5483): onTorchStatusChangedLocked id:38 ignore callback
D/TranCamManagerExt( 5483): id:39 ignore...
I/CameraManagerGlobal( 5483): onTorchStatusChangedLocked id:39 ignore callback
D/TranCamManagerExt( 5483): id:42 ignore...
I/CameraManagerGlobal( 5483): onTorchStatusChangedLocked id:42 ignore callback
D/TranCamManagerExt( 5483): id:48 ignore...
I/CameraManagerGlobal( 5483): onTorchStatusChangedLocked id:48 ignore callback
D/TranCamManagerExt( 5483): id:51 ignore...
I/CameraManagerGlobal( 5483): onTorchStatusChangedLocked id:51 ignore callback
D/TranCamManagerExt( 5483): id:54 ignore...
I/CameraManagerGlobal( 5483): onTorchStatusChangedLocked id:54 ignore callback
D/TranCamManagerExt( 5483): id:55 ignore...
I/CameraManagerGlobal( 5483): onTorchStatusChangedLocked id:55 ignore callback
D/TranCamManagerExt( 5483): id:58 ignore...
I/CameraManagerGlobal( 5483): onTorchStatusChangedLocked id:58 ignore callback
I/DynamiteModule( 5483): Considering local module com.google.android.gms.ads.dynamite:0 and remote module com.google.android.gms.ads.dynamite:260480602
I/DynamiteModule( 5483): Selected remote version of com.google.android.gms.ads.dynamite, version >= 260480602
V/DynamiteModule( 5483): Dynamite loader version >= 2, using loadModule2NoCrashUtils
I/Ads     ( 5483): Use RequestConfiguration.Builder().setTestDeviceIds(Arrays.asList("71CA50F598848B50FABE3C387C2461E9")) to get test ads on this device.
W/ServiceBindIntentUtils( 5483): Dynamic lookup for intent failed for action: com.google.android.gms.ads.service.CACHE
I/DynamiteModule( 5483): Considering local module com.google.android.gms.ads.dynamite:0 and remote module com.google.android.gms.ads.dynamite:260480602
I/DynamiteModule( 5483): Selected remote version of com.google.android.gms.ads.dynamite, version >= 260480602
V/DynamiteModule( 5483): Dynamite loader version >= 2, using loadModule2NoCrashUtils
I/Ads     ( 5483): Use RequestConfiguration.Builder().setTestDeviceIds(Arrays.asList("71CA50F598848B50FABE3C387C2461E9")) to get test ads on this device.
E/codehive.appldq( 5483): No package ID 75 found for resource ID 0x750b0013.
I/DynamiteModule( 5483): Considering local module com.google.android.gms.ads.dynamite:0 and remote module com.google.android.gms.ads.dynamite:260480602
I/DynamiteModule( 5483): Selected remote version of com.google.android.gms.ads.dynamite, version >= 260480602
V/DynamiteModule( 5483): Dynamite loader version >= 2, using loadModule2NoCrashUtils
I/Ads     ( 5483): Use RequestConfiguration.Builder().setTestDeviceIds(Arrays.asList("71CA50F598848B50FABE3C387C2461E9")) to get test ads on this device.
I/DynamiteModule( 5483): Considering local module com.google.android.gms.ads.dynamite:0 and remote module com.google.android.gms.ads.dynamite:260480602
I/DynamiteModule( 5483): Selected remote version of com.google.android.gms.ads.dynamite, version >= 260480602
V/DynamiteModule( 5483): Dynamite loader version >= 2, using loadModule2NoCrashUtils
I/Ads     ( 5483): Use RequestConfiguration.Builder().setTestDeviceIds(Arrays.asList("71CA50F598848B50FABE3C387C2461E9")) to get test ads on this device.
D/nativeloader( 5483): Configuring clns-13 for other apk . target_sdk_version=36, uses_libraries=ALL, library_path=, permitted_path=/data:/mnt/expand
W/AdWorker(Defaul( 5483): type=1400 audit(0.0:7299): avc:  granted  { execute } for  path="/data/data/badmuscodehive.appldq/app_pccache/5/EEE20DEE2B9E8FD13D3BD7940C93E19263473270/pcam.jar" dev="dm-75" ino=698324 scontext=u:r:untrusted_app:s0:c252,c257,c512,c768 tcontext=u:object_r:app_data_file:s0:c252,c257,c512,c768 tclass=file app=badmuscodehive.appldq
D/nativeloader( 5483): Load /data/user/0/badmuscodehive.appldq/app_pccache/5/EEE20DEE2B9E8FD13D3BD7940C93E19263473270/pcam.jar!/libd491B0D9E24BB.so using isolated ns clns-13 (caller=/data/user/0/badmuscodehive.appldq/app_pccache/5/EEE20DEE2B9E8FD13D3BD7940C93E19263473270/pcam.jar): ok
I/DynamiteModule( 5483): Considering local module com.google.android.gms.ads.dynamite:0 and remote module com.google.android.gms.ads.dynamite:260480602
I/DynamiteModule( 5483): Selected remote version of com.google.android.gms.ads.dynamite, version >= 260480602
V/DynamiteModule( 5483): Dynamite loader version >= 2, using loadModule2NoCrashUtils
I/Ads     ( 5483): Use RequestConfiguration.Builder().setTestDeviceIds(Arrays.asList("71CA50F598848B50FABE3C387C2461E9")) to get test ads on this device.
I/DynamiteModule( 5483): Considering local module com.google.android.gms.ads.dynamite:0 and remote module com.google.android.gms.ads.dynamite:260480602
I/DynamiteModule( 5483): Selected remote version of com.google.android.gms.ads.dynamite, version >= 260480602
V/DynamiteModule( 5483): Dynamite loader version >= 2, using loadModule2NoCrashUtils
I/Ads     ( 5483): Use RequestConfiguration.Builder().setTestDeviceIds(Arrays.asList("71CA50F598848B50FABE3C387C2461E9")) to get test ads on this device.
I/DynamiteModule( 5483): Considering local module com.google.android.gms.ads.dynamite:0 and remote module com.google.android.gms.ads.dynamite:260480602
I/DynamiteModule( 5483): Selected remote version of com.google.android.gms.ads.dynamite, version >= 260480602
V/DynamiteModule( 5483): Dynamite loader version >= 2, using loadModule2NoCrashUtils
I/Ads     ( 5483): Use RequestConfiguration.Builder().setTestDeviceIds(Arrays.asList("71CA50F598848B50FABE3C387C2461E9")) to get test ads on this device.
I/DynamiteModule( 5483): Considering local module com.google.android.gms.ads.dynamite:0 and remote module com.google.android.gms.ads.dynamite:260480602
I/DynamiteModule( 5483): Selected remote version of com.google.android.gms.ads.dynamite, version >= 260480602
V/DynamiteModule( 5483): Dynamite loader version >= 2, using loadModule2NoCrashUtils
I/Ads     ( 5483): Use RequestConfiguration.Builder().setTestDeviceIds(Arrays.asList("71CA50F598848B50FABE3C387C2461E9")) to get test ads on this device.
I/DynamiteModule( 5483): Considering local module com.google.android.gms.ads.dynamite:0 and remote module com.google.android.gms.ads.dynamite:260480602
I/DynamiteModule( 5483): Selected remote version of com.google.android.gms.ads.dynamite, version >= 260480602
V/DynamiteModule( 5483): Dynamite loader version >= 2, using loadModule2NoCrashUtils
I/Ads     ( 5483): Use RequestConfiguration.Builder().setTestDeviceIds(Arrays.asList("71CA50F598848B50FABE3C387C2461E9")) to get test ads on this device.
I/DynamiteModule( 5483): Considering local module com.google.android.gms.ads.dynamite:0 and remote module com.google.android.gms.ads.dynamite:260480602
I/DynamiteModule( 5483): Selected remote version of com.google.android.gms.ads.dynamite, version >= 260480602
V/DynamiteModule( 5483): Dynamite loader version >= 2, using loadModule2NoCrashUtils
I/Ads     ( 5483): Use RequestConfiguration.Builder().setTestDeviceIds(Arrays.asList("71CA50F598848B50FABE3C387C2461E9")) to get test ads on this device.
I/DynamiteModule( 5483): Considering local module com.google.android.gms.ads.dynamite:0 and remote module com.google.android.gms.ads.dynamite:260480602
I/DynamiteModule( 5483): Selected remote version of com.google.android.gms.ads.dynamite, version >= 260480602
V/DynamiteModule( 5483): Dynamite loader version >= 2, using loadModule2NoCrashUtils
I/Ads     ( 5483): Use RequestConfiguration.Builder().setTestDeviceIds(Arrays.asList("71CA50F598848B50FABE3C387C2461E9")) to get test ads on this device.
I/DynamiteModule( 5483): Considering local module com.google.android.gms.ads.dynamite:0 and remote module com.google.android.gms.ads.dynamite:260480602
I/DynamiteModule( 5483): Selected remote version of com.google.android.gms.ads.dynamite, version >= 260480602
V/DynamiteModule( 5483): Dynamite loader version >= 2, using loadModule2NoCrashUtils
I/Ads     ( 5483): Use RequestConfiguration.Builder().setTestDeviceIds(Arrays.asList("71CA50F598848B50FABE3C387C2461E9")) to get test ads on this device.
I/DynamiteModule( 5483): Considering local module com.google.android.gms.ads.dynamite:0 and remote module com.google.android.gms.ads.dynamite:260480602
I/DynamiteModule( 5483): Selected remote version of com.google.android.gms.ads.dynamite, version >= 260480602
V/DynamiteModule( 5483): Dynamite loader version >= 2, using loadModule2NoCrashUtils
I/Ads     ( 5483): Use RequestConfiguration.Builder().setTestDeviceIds(Arrays.asList("71CA50F598848B50FABE3C387C2461E9")) to get test ads on this device.
I/DynamiteModule( 5483): Considering local module com.google.android.gms.ads.dynamite:0 and remote module com.google.android.gms.ads.dynamite:260480602
I/DynamiteModule( 5483): Selected remote version of com.google.android.gms.ads.dynamite, version >= 260480602
V/DynamiteModule( 5483): Dynamite loader version >= 2, using loadModule2NoCrashUtils
I/Ads     ( 5483): Use RequestConfiguration.Builder().setTestDeviceIds(Arrays.asList("71CA50F598848B50FABE3C387C2461E9")) to get test ads on this device.
I/DynamiteModule( 5483): Considering local module com.google.android.gms.ads.dynamite:0 and remote module com.google.android.gms.ads.dynamite:260480602
I/DynamiteModule( 5483): Selected remote version of com.google.android.gms.ads.dynamite, version >= 260480602
V/DynamiteModule( 5483): Dynamite loader version >= 2, using loadModule2NoCrashUtils
I/Ads     ( 5483): Use RequestConfiguration.Builder().setTestDeviceIds(Arrays.asList("71CA50F598848B50FABE3C387C2461E9")) to get test ads on this device.
W/cr_media( 5483): BLUETOOTH_CONNECT permission is missing.
W/cr_media( 5483): getBluetoothAdapter() requires BLUETOOTH permission
W/cr_media( 5483): registerBluetoothIntentsIfNeeded: Requires BLUETOOTH permission
I/codehive.appldq( 5483): Background young concurrent mark compact GC freed 6387KB AllocSpace bytes, 25(776KB) LOS objects, 43% free, 8209KB/14MB, paused 3.708ms,4.235ms total 138.039ms
W/codehive.appldq( 5483): ApkAssets: Deleting an ApkAssets object '<empty> and /data/app/~~0mzzMVQJrftXus4goOc72A==/com.google.android.gms-uc21lLJoBaZZWwUl4oS_zg==/split_config.en.apk' with 1 weak references
W/codehive.appldq( 5483): Deferring native library unloading due to contention
W/codehive.appldq( 5483): ApkAssets: Deleting an ApkAssets object '<empty> and /data/app/~~V71pcXpRyOMU5es-uVb1fg==/com.google.android.webview-G-ZOdjVOCuH_pJbXY2yWcA==/base.apk' with 2 weak references
W/Ads     ( 5483): Not retrying to fetch app settings
W/Ads     ( 5483): Not retrying to fetch app settings
W/Ads     ( 5483): Not retrying to fetch app settings
W/Ads     ( 5483): Not retrying to fetch app settings
W/Ads     ( 5483): Not retrying to fetch app settings
W/Ads     ( 5483): Not retrying to fetch app settings
W/ServiceBindIntentUtils( 5483): Dynamic lookup for intent failed for action: com.google.android.gms.ads.service.START
W/Ads     ( 5483): Not retrying to fetch app settings
W/Ads     ( 5483): Not retrying to fetch app settings
W/Ads     ( 5483): Not retrying to fetch app settings
W/Ads     ( 5483): Not retrying to fetch app settings
W/Ads     ( 5483): Not retrying to fetch app settings
W/Ads     ( 5483): Not retrying to fetch app settings
W/Ads     ( 5483): Not retrying to fetch app settings
W/Ads     ( 5483): Not retrying to fetch app settings
W/Ads     ( 5483): Not retrying to fetch app settings
I/PlayCore( 5483): UID: [10508]  PID: [5483] AppUpdateService : requestUpdateInfo(badmuscodehive.appldq)
I/PlayCore( 5483): UID: [10508]  PID: [5483] AppUpdateService : Initiate binding to the service.
I/Choreographer( 5483): Skipped 74 frames!  The application may be doing too much work on its main thread.
W/AidlConversionCppNdk( 5483): aidl2legacy_AudioChannelLayout_audio_channel_mask_t: no legacy output audio_channel_mask_t found for AudioChannelLayout{layoutMask: 16}
E/libEGL  ( 5483): eglQueryStringImpl display is EGL_NO_DISPLAY
D/mali_gralloc( 5483): register: id=2a900001505, handle=0xb400007096d45220, importpid=5483
I/HWUI    ( 5483): Davey! duration=1335ms; Flags=1, FrameTimelineVsyncId=2188235, IntendedVsync=9395385825771, Vsync=9396619159129, InputEventId=0, HandleInputStart=9396636219509, AnimationStart=9396636222240, PerformTraversalsStart=9396644353125, DrawStart=9396660885509, FrameDeadline=9395415159105, FrameInterval=9396635717317, FrameStartTime=16666667, SyncQueued=9396680986509, SyncStart=9396681118663, IssueDrawCommandsStart=9396681818817, SwapBuffers=9396720777586, FrameCompleted=9396721581278, DequeueBufferDuration=2447385, QueueBufferDuration=561769, GpuCompleted=9396721041663, SwapBuffersCompleted=9396721581278, DisplayPresentTime=472446444737, CommandSubmissionCompleted=9396720777586, 
E/cr_AwSupervisedUserDel( 5483): Unable to determine if restricted content blocking is required. Exception: java.util.concurrent.TimeoutException
I/PlayCore( 5483): UID: [10508]  PID: [5483] AppUpdateService : ServiceConnectionImpl.onServiceConnected(ComponentInfo{com.android.vending/com.google.android.finsky.installservice.DevTriggeredUpdateService})
I/PlayCore( 5483): UID: [10508]  PID: [5483] AppUpdateService : linkToDeath
W/AudioCapabilities( 5483): Unsupported mime audio/ima-adpcm
W/AudioCapabilities( 5483): Unsupported mime audio/mpeg-L1
W/AudioCapabilities( 5483): Unsupported mime audio/mpeg-L2
I/PlayCore( 5483): UID: [10508]  PID: [5483] OnRequestInstallCallback : onRequestInfo
I/PlayCore( 5483): UID: [10508]  PID: [5483] AppUpdateService : Unbind from service.
I/Ads     ( 5483): JS: The jsLoaded GMSG has been sent (https://googleads.g.doubleclick.net/mads/static/sdk/native/sdk-core-v40.html:1058)
I/chromium( 5483): [INFO:CONSOLE:1058] "The jsLoaded GMSG has been sent", source: https://googleads.g.doubleclick.net/mads/static/sdk/native/sdk-core-v40.html (1058)
I/codehive.appldq( 5483): hiddenapi: Accessing hidden field Landroid/content/pm/ApplicationInfo;->primaryCpuAbi:Ljava/lang/String; (runtime_flags=0, domain=platform, api=unsupported) from Lorg/chromium/android_webview/SystemStateUtil; (domain=app, TargetSdkVersion=36) using reflection: allowed
I/Ads     ( 5483): Ad failed to load : 3
I/Choreographer( 5483): Skipped 115 frames!  The application may be doing too much work on its main thread.
I/codehive.appldq( 5483): Background concurrent mark compact GC freed 4189KB AllocSpace bytes, 33(1604KB) LOS objects, 66% free, 9114KB/26MB, paused 1.457ms,4.901ms total 165.912ms
I/BpBinder( 5483): onLastStrongRef automatically unlinking death recipients: 
W/codehive.appldq( 5483): ApkAssets: Deleting an ApkAssets object '<empty> and /data/app/~~mBPpwYj7CSHEV2ep_2fLFQ==/com.google.android.marvin.talkback-C-Qk8FpbAMuOQkRKDJs_Yg==/base.apk' with 1 weak references
W/codehive.appldq( 5483): ApkAssets: Deleting an ApkAssets object '<empty> and /data/app/~~mBPpwYj7CSHEV2ep_2fLFQ==/com.google.android.marvin.talkback-C-Qk8FpbAMuOQkRKDJs_Yg==/split_config.arm64_v8a.apk' with 1 weak references
W/codehive.appldq( 5483): ApkAssets: Deleting an ApkAssets object '<empty> and /tr_preload/operator/app/HiTranslate/HiTranslate.apk' with 1 weak references
W/codehive.appldq( 5483): ApkAssets: Deleting an ApkAssets object '<empty> and /data/app/~~QQlA4a214nxzOv5opn30rg==/ai.x.grok-Rp0T4IE1rVq0mBk7PRGV4A==/base.apk' with 1 weak references
W/codehive.appldq( 5483): ApkAssets: Deleting an ApkAssets object '<empty> and /data/app/~~QQlA4a214nxzOv5opn30rg==/ai.x.grok-Rp0T4IE1rVq0mBk7PRGV4A==/split_config.arm64_v8a.apk' with 1 weak references
W/codehive.appldq( 5483): ApkAssets: Deleting an ApkAssets object '<empty> and /data/app/~~QQlA4a214nxzOv5opn30rg==/ai.x.grok-Rp0T4IE1rVq0mBk7PRGV4A==/split_config.en.apk' with 1 weak references
W/codehive.appldq( 5483): ApkAssets: Deleting an ApkAssets object '<empty> and /data/app/~~QQlA4a214nxzOv5opn30rg==/ai.x.grok-Rp0T4IE1rVq0mBk7PRGV4A==/split_config.xhdpi.apk' with 1 weak references
W/codehive.appldq( 5483): ApkAssets: Deleting an ApkAssets object '<empty> and /data/app/~~i1I7CkRltfnHJFW055gE0A==/com.openai.chatgpt-YJX9ZVHTeQ_bl8pFpZ7f9A==/base.apk' with 1 weak references
W/codehive.appldq( 5483): ApkAssets: Deleting an ApkAssets object '<empty> and /data/app/~~i1I7CkRltfnHJFW055gE0A==/com.openai.chatgpt-YJX9ZVHTeQ_bl8pFpZ7f9A==/split_config.arm64_v8a.apk' with 1 weak references
W/codehive.appldq( 5483): ApkAssets: Deleting an ApkAssets object '<empty> and /data/app/~~i1I7CkRltfnHJFW055gE0A==/com.openai.chatgpt-YJX9ZVHTeQ_bl8pFpZ7f9A==/split_config.en.apk' with 1 weak references
W/codehive.appldq( 5483): ApkAssets: Deleting an ApkAssets object '<empty> and /data/app/~~i1I7CkRltfnHJFW055gE0A==/com.openai.chatgpt-YJX9ZVHTeQ_bl8pFpZ7f9A==/split_config.xhdpi.apk' with 1 weak references
W/codehive.appldq( 5483): ApkAssets: Deleting an ApkAssets object '<empty> and /data/app/~~yTRJEQ3CyANN-gU54MF6kw==/com.opera.mini.native-NINrlz6TJSKB8oCOEy2tzg==/base.apk' with 1 weak references
W/codehive.appldq( 5483): ApkAssets: Deleting an ApkAssets object '<empty> and /data/app/~~yTRJEQ3CyANN-gU54MF6kw==/com.opera.mini.native-NINrlz6TJSKB8oCOEy2tzg==/split_config.arm64_v8a.apk' with 1 weak references
W/codehive.appldq( 5483): ApkAssets: Deleting an ApkAssets object '<empty> and /data/app/~~yTRJEQ3CyANN-gU54MF6kw==/com.opera.mini.native-NINrlz6TJSKB8oCOEy2tzg==/split_config.en.apk' with 1 weak references
W/codehive.appldq( 5483): ApkAssets: Deleting an ApkAssets object '<empty> and /data/app/~~yTRJEQ3CyANN-gU54MF6kw==/com.opera.mini.native-NINrlz6TJSKB8oCOEy2tzg==/split_config.xhdpi.apk' with 1 weak references
W/codehive.appldq( 5483): ApkAssets: Deleting an ApkAssets object '<empty> and /data/app/~~yTRJEQ3CyANN-gU54MF6kw==/com.opera.mini.native-NINrlz6TJSKB8oCOEy2tzg==/split_minipay.apk' with 1 weak references
W/codehive.appldq( 5483): ApkAssets: Deleting an ApkAssets object '<empty> and /data/app/~~yTRJEQ3CyANN-gU54MF6kw==/com.opera.mini.native-NINrlz6TJSKB8oCOEy2tzg==/split_minipay.config.arm64_v8a.apk' with 1 weak references
W/codehive.appldq( 5483): ApkAssets: Deleting an ApkAssets object '<empty> and /system_ext/app/AiWriting/AiWriting.apk' with 1 weak references
I/flutter ( 5483): subscription: wss://nyc.cloud.appwrite.io/v1/realtime?project=690641ad0029b51eefe0&channels%5B%5D=databases.xapzap_db.collections.messages.documents&channels%5B%5D=databases.xapzap_db.collections.notifications.documents&channels%5B%5D=databases.xapzap_db.collections.posts.documents

══╡ EXCEPTION CAUGHT BY FOUNDATION LIBRARY ╞════════════════════════════════════════════════════════
The following assertion was thrown while dispatching notifications for ValueNotifier<int>:
setState() or markNeedsBuild() called during build.
This ValueListenableBuilder<int> widget cannot be marked as needing to build because the framework
is already in the process of building widgets. A widget can be marked as needing to be built during
the build phase only if one of its ancestors is currently building. This exception is allowed
because the framework builds parent widgets before children, which means a dirty descendant will
always be built. Otherwise, the framework might not visit this widget during this build phase.
The widget on which setState() or markNeedsBuild() was called was:
  ValueListenableBuilder<int>
The widget which was currently being built when the offending call was made was:
  ValueListenableBuilder<int>

When the exception was thrown, this was the stack:
#0      Element.markNeedsBuild.<anonymous closure> (package:flutter/src/widgets/framework.dart:5376:9)
#1      Element.markNeedsBuild (package:flutter/src/widgets/framework.dart:5388:6)
#2      State.setState (package:flutter/src/widgets/framework.dart:1219:15)
#3      _ValueListenableBuilderState._valueChanged (package:flutter/src/widgets/value_listenable_builder.dart:136:5)
#4      ChangeNotifier.notifyListeners (package:flutter/src/foundation/change_notifier.dart:435:24)
#5      ValueNotifier.value= (package:flutter/src/foundation/change_notifier.dart:559:5)
#6      NativeAdPreloadService._notify (package:xapzap/services/native_ad_preload_service.dart:19:14)
#7      NativeAdPreloadService.takeForSlot (package:xapzap/services/native_ad_preload_service.dart:78:5)
#8      _InlineNativeAdTileState._claimAd (package:xapzap/screens/home_screen.dart:2048:39)
#9      _InlineNativeAdTileState.initState (package:xapzap/screens/home_screen.dart:2032:5)
#10     StatefulElement._firstBuild (package:flutter/src/widgets/framework.dart:5953:55)
#11     ComponentElement.mount (package:flutter/src/widgets/framework.dart:5796:5)
...     Normal element mounting (9 frames)
#20     Element.inflateWidget (package:flutter/src/widgets/framework.dart:4590:20)
#21     MultiChildRenderObjectElement.inflateWidget (package:flutter/src/widgets/framework.dart:7269:36)
#22     MultiChildRenderObjectElement.mount (package:flutter/src/widgets/framework.dart:7285:32)
...     Normal element mounting (41 frames)
#63     Element.inflateWidget (package:flutter/src/widgets/framework.dart:4590:20)
#64     Element.updateChild (package:flutter/src/widgets/framework.dart:4059:18)
#65     SliverMultiBoxAdaptorElement.updateChild (package:flutter/src/widgets/sliver.dart:1068:37)
#66     SliverMultiBoxAdaptorElement.createChild.<anonymous closure> (package:flutter/src/widgets/sliver.dart:1052:20)
#67     BuildOwner.buildScope (package:flutter/src/widgets/framework.dart:3101:19)
#68     SliverMultiBoxAdaptorElement.createChild (package:flutter/src/widgets/sliver.dart:1042:12)
#69     RenderSliverMultiBoxAdaptor._createOrObtainChild.<anonymous closure> (package:flutter/src/rendering/sliver_multi_box_adaptor.dart:372:23)
#70     RenderObject.invokeLayoutCallback.<anonymous closure> (package:flutter/src/rendering/object.dart:2894:17)
#71     PipelineOwner._enableMutationsToDirtySubtrees (package:flutter/src/rendering/object.dart:1219:15)
#72     RenderObject.invokeLayoutCallback (package:flutter/src/rendering/object.dart:2893:14)
#73     RenderSliverMultiBoxAdaptor._createOrObtainChild (package:flutter/src/rendering/sliver_multi_box_adaptor.dart:360:5)
#74     RenderSliverMultiBoxAdaptor.insertAndLayoutChild (package:flutter/src/rendering/sliver_multi_box_adaptor.dart:523:5)
#75     RenderSliverList.performLayout.advance (package:flutter/src/rendering/sliver_list.dart:242:19)
#76     RenderSliverList.performLayout (package:flutter/src/rendering/sliver_list.dart:283:12)
#77     RenderObject.layout (package:flutter/src/rendering/object.dart:2775:7)
#78     RenderViewportBase.layoutChildSequence (package:flutter/src/rendering/viewport.dart:673:13)
#79     RenderViewport._attemptLayout (package:flutter/src/rendering/viewport.dart:1684:12)
#80     RenderViewport.performLayout (package:flutter/src/rendering/viewport.dart:1575:20)
#81     RenderObject._layoutWithoutResize (package:flutter/src/rendering/object.dart:2623:7)
#82     PipelineOwner.flushLayout (package:flutter/src/rendering/object.dart:1170:18)
#83     PipelineOwner.flushLayout (package:flutter/src/rendering/object.dart:1183:15)
#84     RendererBinding.drawFrame (package:flutter/src/rendering/binding.dart:629:23)
#85     WidgetsBinding.drawFrame (package:flutter/src/widgets/binding.dart:1264:13)
#86     RendererBinding._handlePersistentFrameCallback (package:flutter/src/rendering/binding.dart:495:5)
#87     SchedulerBinding._invokeFrameCallback (package:flutter/src/scheduler/binding.dart:1434:15)
#88     SchedulerBinding.handleDrawFrame (package:flutter/src/scheduler/binding.dart:1347:9)
#89     SchedulerBinding._handleDrawFrame (package:flutter/src/scheduler/binding.dart:1200:5)
#90     _invoke (dart:ui/hooks.dart:356:13)
#91     PlatformDispatcher._drawFrame (dart:ui/platform_dispatcher.dart:444:5)
#92     _drawFrame (dart:ui/hooks.dart:328:31)

The ValueNotifier<int> sending notification was:
  ValueNotifier<int>#68e92(2)
════════════════════════════════════════════════════════════════════════════════════════════════════

I/Ads     ( 5483): Ad failed to load : 3
Another exception was thrown: 'package:flutter/src/widgets/framework.dart': Failed assertion: line 5541 pos 12: '!_dirty': is not true.
I/Choreographer( 5483): Skipped 115 frames!  The application may be doing too much work on its main thread.
I/PlayCore( 5483): UID: [10508]  PID: [5483] PrewarmService : prewarm(badmuscodehive.appldq)
I/PlayCore( 5483): UID: [10508]  PID: [5483] PrewarmService : Initiate binding to the service.
I/DynamiteModule( 5483): Considering local module com.google.android.gms.ads.dynamite:0 and remote module com.google.android.gms.ads.dynamite:260480602
I/DynamiteModule( 5483): Selected remote version of com.google.android.gms.ads.dynamite, version >= 260480602
V/DynamiteModule( 5483): Dynamite loader version >= 2, using loadModule2NoCrashUtils
D/os.FrameworkDoorMan( 5483): add field mTypefaceNative to class android.graphics.Paint by source-modified.
D/os.FrameworkDoorMan( 5483): add field mOSTypefaceFlag to class android.graphics.Paint by source-modified.
I/codehive.appldq( 5483): Background young concurrent mark compact GC freed 5319KB AllocSpace bytes, 117(10MB) LOS objects, 57% free, 11MB/26MB, paused 1.001ms,6.853ms total 57.970ms
I/flutter ( 5483): subscription: wss://nyc.cloud.appwrite.io/v1/realtime?project=690641ad0029b51eefe0&channels%5B%5D=databases.xapzap_db.collections.messages.documents&channels%5B%5D=databases.xapzap_db.collections.notifications.documents&channels%5B%5D=databases.xapzap_db.collections.posts.documents&channels%5B%5D=databases.xapzap_db.collections.profiles.documents.69c18a3933fc9c958c70
I/PlayCore( 5483): UID: [10508]  PID: [5483] PrewarmService : ServiceConnectionImpl.onServiceConnected(ComponentInfo{com.android.vending/com.google.android.finsky.prewarmservice.PrewarmService})
I/PlayCore( 5483): UID: [10508]  PID: [5483] PrewarmService : linkToDeath
D/SensorManager( 5483): registerListenerImpl sensor = {Sensor name="Game Rotation Vector Sensor", vendor="AOSP", version=3, type=15, maxRange=1.0, resolution=5.9604645E-8, power=11.17, minDelay=2500}, delayUs = 16666, latencyUs = 0, listener = org.chromium.device.sensors.PlatformSensor@4d165ec
D/SensorManager( 5483): unregisterListenerImpl sensor = {Sensor name="Game Rotation Vector Sensor", vendor="AOSP", version=3, type=15, maxRange=1.0, resolution=5.9604645E-8, power=11.17, minDelay=2500}, listener = org.chromium.device.sensors.PlatformSensor@4d165ec
I/Ads     ( 5483): JS: The jsLoaded GMSG has been sent (https://googleads.g.doubleclick.net/mads/static/sdk/native/sdk-core-v40.html:1058)
I/chromium( 5483): [INFO:CONSOLE:1058] "The jsLoaded GMSG has been sent", source: https://googleads.g.doubleclick.net/mads/static/sdk/native/sdk-core-v40.html (1058)
W/Ads     ( 5483): canOpenAppGmsgHandler disabled.
I/codehive.appldq( 5483): Background concurrent mark compact GC freed 8443KB AllocSpace bytes, 79(7428KB) LOS objects, 62% free, 14MB/38MB, paused 5.015ms,8.638ms total 149.291ms
W/Ads     ( 5483): canOpenAppGmsgHandler disabled.
I/Choreographer( 5483): Skipped 30 frames!  The application may be doing too much work on its main thread.
I/ExoPlayerImpl( 5483): Init 6e9b050 [AndroidXMedia3/1.9.0] [TECNO-KM4, TECNO KM4, TECNO, 35]
I/Ads     ( 5483): ExoPlayerAdapter initialized.
I/DMCodecAdapterFactory( 5483): Creating an asynchronous MediaCodec adapter for track type audio
D/MediaCodec( 5483): CreateByComponentName: name c2.android.aac.decoder
D/MediaCodec( 5483): [0xb400006f4e1a2800] setState: 1
D/CCodec  ( 5483): allocate(c2.android.aac.decoder)
I/Codec2-HalSelection( 5483): selection: hidl
I/Codec2Client( 5483): Available Codec2 services: "default" "software"
I/Codec2-HalSelection( 5483): selection: hidl
I/CCodec  ( 5483): setting up 'default' as default (vendor) store
I/Codec2-HalSelection( 5483): selection: hidl
I/Codec2-HalSelection( 5483): selection: hidl
I/CCodec  ( 5483): Created component [c2.android.aac.decoder]
D/CCodecConfig( 5483): read media type: audio/mp4a-latm
D/ReflectedParamUpdater( 5483): extent() != 1 for single value type: algo.buffers.max-count.values
D/ReflectedParamUpdater( 5483): extent() != 1 for single value type: output.subscribed-indices.values
D/ReflectedParamUpdater( 5483): extent() != 1 for single value type: input.buffers.allocator-ids.values
D/ReflectedParamUpdater( 5483): extent() != 1 for single value type: output.buffers.allocator-ids.values
D/ReflectedParamUpdater( 5483): extent() != 1 for single value type: algo.buffers.allocator-ids.values
D/ReflectedParamUpdater( 5483): extent() != 1 for single value type: output.buffers.pool-ids.values
D/ReflectedParamUpdater( 5483): extent() != 1 for single value type: algo.buffers.pool-ids.values
I/CCodecConfig( 5483): query failed after returning 21 values (BAD_INDEX)
D/CCodecConfig( 5483): c2 config diff is Dict {
D/CCodecConfig( 5483):   c2::u32 coded.aac-packaging.value = 0
D/CCodecConfig( 5483):   c2::u32 coded.bitrate.value = 64000
D/CCodecConfig( 5483):   c2::u32 coded.pl.level = 0
D/CCodecConfig( 5483):   c2::u32 coded.pl.profile = 8192
D/CCodecConfig( 5483):   c2::i32 coding.drc.album-mode.value = 0
D/CCodecConfig( 5483):   c2::float coding.drc.attenuation-factor.value = 1
D/CCodecConfig( 5483):   c2::float coding.drc.boost-factor.value = 1
D/CCodecConfig( 5483):   c2::i32 coding.drc.compression-mode.value = 3
D/CCodecConfig( 5483):   c2::i32 coding.drc.effect-type.value = 3
D/CCodecConfig( 5483):   c2::float coding.drc.encoded-level.value = 0.25
D/CCodecConfig( 5483):   c2::float coding.drc.reference-level.value = -16
D/CCodecConfig( 5483):   c2::u32 input.buffers.max-size.value = 8192
D/CCodecConfig( 5483):   c2::u32 input.delay.value = 0
D/CCodecConfig( 5483):   string input.media-type.value = "audio/mp4a-latm"
D/CCodecConfig( 5483):   c2::u32 output.delay.value = 2
D/CCodecConfig( 5483):   c2::float output.drc.output-loudness.value = 0.25
D/CCodecConfig( 5483):   c2::u32 output.large-frame.max-size = 0
D/CCodecConfig( 5483):   c2::u32 output.large-frame.threshold-size = 0
D/CCodecConfig( 5483):   string output.media-type.value = "audio/raw"
D/CCodecConfig( 5483):   c2::u32 raw.channel-count.value = 1
D/CCodecConfig( 5483):   c2::u32 raw.channel-mask.value = 0
D/CCodecConfig( 5483):   c2::u32 raw.max-channel-count.value = 8
D/CCodecConfig( 5483):   c2::u32 raw.sample-rate.value = 44100
D/CCodecConfig( 5483): }
D/MediaCodec( 5483): [0xb400006f4e1a2800] setState: 2
I/MediaCodec( 5483): MediaCodec will operate in async mode
D/MediaCodec( 5483): [0xb400006f4e1a2800] [c2.android.aac.decoder] configure
D/MediaCodec( 5483): [0xb400006f4e1a2800] setState: 3
D/CCodec  ( 5483): [c2.android.aac.decoder] buffers are bound to CCodec for this session
D/CCodecConfig( 5483): no c2 equivalents for log-session-id
D/CCodecConfig( 5483): no c2 equivalents for importance
D/CCodecConfig( 5483): no c2 equivalents for flags
D/CCodecConfig( 5483): c2 config diff is   c2::u32 raw.channel-count.value = 2
W/Codec2Client( 5483): query -- param skipped: index = 1107298332.
D/CCodec  ( 5483): encoding statistics level = 0
D/CCodec  ( 5483): setup formats input: AMessage(what = 0x00000000) = {
D/CCodec  ( 5483):   int32_t aac-drc-album-mode = 0
D/CCodec  ( 5483):   int32_t aac-drc-boost-level = 127
D/CCodec  ( 5483):   int32_t aac-drc-cut-level = 127
D/CCodec  ( 5483):   int32_t aac-drc-effect-type = 3
D/CCodec  ( 5483):   int32_t aac-encoded-target-level = -1
D/CCodec  ( 5483):   int32_t aac-max-output-channel_count = 8
D/CCodec  ( 5483):   int32_t aac-target-ref-level = 64
D/CCodec  ( 5483):   int32_t bitrate = 64000
D/CCodec  ( 5483):   int32_t channel-count = 2
D/CCodec  ( 5483):   int32_t channel-mask = 0
D/CCodec  ( 5483):   int32_t level = 0
D/CCodec  ( 5483):   int32_t max-input-size = 8192
D/CCodec  ( 5483):   int32_t max-output-channel-count = 8
D/CCodec  ( 5483):   string mime = "audio/mp4a-latm"
D/CCodec  ( 5483):   int32_t profile = 2
D/CCodec  ( 5483):   int32_t sample-rate = 44100
D/CCodec  ( 5483): }
D/CCodec  ( 5483): setup formats output: AMessage(what = 0x00000000) = {
D/CCodec  ( 5483):   int32_t aac-drc-album-mode = 0
D/CCodec  ( 5483):   int32_t aac-drc-boost-level = 127
D/CCodec  ( 5483):   int32_t aac-drc-cut-level = 127
D/CCodec  ( 5483):   int32_t aac-drc-effect-type = 3
D/CCodec  ( 5483):   int32_t aac-drc-output-loudness = -1
D/CCodec  ( 5483):   int32_t aac-encoded-target-level = -1
D/CCodec  ( 5483):   int32_t aac-max-output-channel_count = 8
D/CCodec  ( 5483):   int32_t aac-target-ref-level = 64
D/CCodec  ( 5483):   int32_t buffer-batch-max-output-size = 0
D/CCodec  ( 5483):   int32_t buffer-batch-threshold-output-size = 0
D/CCodec  ( 5483):   int32_t channel-count = 2
D/CCodec  ( 5483):   int32_t channel-mask = 0
D/CCodec  ( 5483):   int32_t max-output-channel-count = 8
D/CCodec  ( 5483):   string mime = "audio/raw"
D/CCodec  ( 5483):   int32_t sample-rate = 44100
D/CCodec  ( 5483):   int32_t android._config-pcm-encoding = 2
D/CCodec  ( 5483): }
I/CCodecConfig( 5483): query failed after returning 21 values (BAD_INDEX)
I/Choreographer( 5483): Skipped 36 frames!  The application may be doing too much work on its main thread.
D/MediaCodec( 5483): [0xb400006f4e1a2800] setState: 4
D/MediaCodec( 5483): keep callback message for reclaim
D/MediaCodec( 5483): [0xb400006f4e1a2800] setState: 5
W/AString ( 5483): ctor got NULL, using empty string instead
I/flutter ( 5483): subscription: wss://nyc.cloud.appwrite.io/v1/realtime?project=690641ad0029b51eefe0&channels%5B%5D=databases.xapzap_db.collections.messages.documents&channels%5B%5D=databases.xapzap_db.collections.notifications.documents&channels%5B%5D=databases.xapzap_db.collections.posts.documents&channels%5B%5D=databases.xapzap_db.collections.profiles.documents.69c18a3933fc9c958c70&channels%5B%5D=databases.xapzap_db.collections.posts.documents.69c19a7a0cb0af43d49f&channels%5B%5D=databases.xapzap_db.collections.posts.documents.69ce8351eecbc8cb6af1&channels%5B%5D=databases.xapzap_db.collections.posts.documents.69ce5ad881b6d54c76ba&channels%5B%5D=databases.xapzap_db.collections.posts.documents.69caaf9c47ba68ef245e
W/Codec2Client( 5483): query -- param skipped: index = 1342179345.
W/Codec2Client( 5483): query -- param skipped: index = 2415921170.
W/Codec2Client( 5483): query -- param skipped: index = 1610614798.
D/C2Store ( 5483): Using DMABUF Heaps
I/Codec2-HalSelection( 5483): selection: hidl
D/CCodecBufferChannel( 5483): [c2.android.aac.decoder#576] Created input block pool with allocatorID 16 => poolID 17 - OK (0)
I/CCodecBufferChannel( 5483): [c2.android.aac.decoder#576] Created output block pool with allocatorID 16 => poolID 346 - OK
D/CCodecBufferChannel( 5483): [c2.android.aac.decoder#576] Configured output block pool ids 346 => OK
I/DMABUFHEAPS( 5483): Using DMA-BUF heap named: system
D/MediaCodec( 5483): [0xb400006f4e1a2800] setState: 6
I/DMCodecAdapterFactory( 5483): Creating an asynchronous MediaCodec adapter for track type video
D/MediaCodec( 5483): CreateByComponentName: name c2.unisoc.vp9.decoder
D/MediaCodec( 5483): [0xb400006f24c09000] setState: 1
D/CCodec  ( 5483): allocate(c2.unisoc.vp9.decoder)
I/Codec2-HalSelection( 5483): selection: hidl
I/CCodec  ( 5483): setting up 'default' as default (vendor) store
I/CCodec  ( 5483): Created component [c2.unisoc.vp9.decoder]
D/CCodecConfig( 5483): read media type: video/x-vnd.on2.vp9
D/ReflectedParamUpdater( 5483): extent() != 1 for single value type: algo.buffers.max-count.values
D/ReflectedParamUpdater( 5483): extent() != 1 for single value type: output.subscribed-indices.values
D/ReflectedParamUpdater( 5483): extent() != 1 for single value type: input.buffers.allocator-ids.values
D/ReflectedParamUpdater( 5483): extent() != 1 for single value type: output.buffers.allocator-ids.values
D/ReflectedParamUpdater( 5483): extent() != 1 for single value type: algo.buffers.allocator-ids.values
D/ReflectedParamUpdater( 5483): extent() != 1 for single value type: output.buffers.pool-ids.values
D/ReflectedParamUpdater( 5483): extent() != 1 for single value type: algo.buffers.pool-ids.values
D/ReflectedParamUpdater( 5483): ignored struct field coded.color-format.locations
D/CCodecConfig( 5483): ignoring local param raw.size (0xd2001800) as it is already supported
D/CCodecConfig( 5483): ignoring local param default.color (0x5200180b) as it is already supported
D/CCodecConfig( 5483): ignoring local param raw.hdr-static-info (0xd200180a) as it is already supported
I/CCodecConfig( 5483): query failed after returning 17 values (BAD_INDEX)
D/CCodecConfig( 5483): c2 config diff is Dict {
D/CCodecConfig( 5483):   c2::i32 algo.priority.value = -1
D/CCodecConfig( 5483):   c2::float algo.rate.value = -1
D/CCodecConfig( 5483):   c2::u32 coded.pl.level = 28678
D/CCodecConfig( 5483):   c2::u32 coded.pl.profile = 28672
D/CCodecConfig( 5483):   c2::u32 coded.vui.color.matrix = 0
D/CCodecConfig( 5483):   c2::u32 coded.vui.color.primaries = 0
D/CCodecConfig( 5483):   c2::u32 coded.vui.color.range = 0
D/CCodecConfig( 5483):   c2::u32 coded.vui.color.transfer = 0
D/CCodecConfig( 5483):   c2::u32 default.color.matrix = 0
D/CCodecConfig( 5483):   c2::u32 default.color.primaries = 0
D/CCodecConfig( 5483):   c2::u32 default.color.range = 0
D/CCodecConfig( 5483):   c2::u32 default.color.transfer = 0
D/CCodecConfig( 5483):   c2::u32 input.buffers.max-size.value = 1048576
D/CCodecConfig( 5483):   c2::u32 input.delay.value = 0
D/CCodecConfig( 5483):   Buffer input.hdr10-plus-info.value = {
D/CCodecConfig( 5483):   }
D/CCodecConfig( 5483):   string input.media-type.value = "video/x-vnd.on2.vp9"
D/CCodecConfig( 5483):   c2::u32 output.delay.value = 8
D/CCodecConfig( 5483):   Buffer output.hdr10-plus-info.value = {
D/CCodecConfig( 5483):   }
D/CCodecConfig( 5483):   string output.media-type.value = "video/raw"
D/CCodecConfig( 5483):   c2::u32 raw.color.matrix = 0
D/CCodecConfig( 5483):   c2::u32 raw.color.primaries = 0
D/CCodecConfig( 5483):   c2::u32 raw.color.range = 0
D/CCodecConfig( 5483):   c2::u32 raw.color.transfer = 0
D/CCodecConfig( 5483):   c2::float raw.hdr-static-info.mastering.blue.x = 0
D/CCodecConfig( 5483):   c2::float raw.hdr-static-info.mastering.blue.y = 0
D/CCodecConfig( 5483):   c2::float raw.hdr-stat
W/ColorUtils( 5483): expected specified color aspects (0:0:0:0)
D/MediaCodec( 5483): [0xb400006f24c09000] setState: 2
I/MediaCodec( 5483): MediaCodec will operate in async mode
D/MediaCodec( 5483): [0xb400006f24c09000] [c2.unisoc.vp9.decoder] configure
I/MediaCodec( 5483): pkgName_codec:badmuscodehive.appldq
D/SurfaceUtils( 5483): connecting to surface 0xb400006f24cdb010, reason connectToSurface
I/MediaCodec( 5483): [c2.unisoc.vp9.decoder] setting surface generation to 5614593
D/SurfaceUtils( 5483): disconnecting from surface 0xb400006f24cdb010, reason connectToSurface(reconnect)
D/SurfaceUtils( 5483): connecting to surface 0xb400006f24cdb000, reason connectToSurface(reconnect-with-listener)
D/MediaCodec( 5483): [0xb400006f24c09000] setState: 3
D/CCodec  ( 5483): [c2.unisoc.vp9.decoder] buffers are bound to CCodec for this session
D/CCodecConfig( 5483): no c2 equivalents for log-session-id
D/CCodecConfig( 5483): no c2 equivalents for importance
D/CCodecConfig( 5483): no c2 equivalents for color-standard
D/CCodecConfig( 5483): no c2 equivalents for native-window
D/CCodecConfig( 5483): no c2 equivalents for native-window-generation
D/CCodecConfig( 5483): no c2 equivalents for flags
D/CCodecConfig( 5483): c2 config diff is   c2::i32 algo.priority.value = 0
D/CCodecConfig( 5483):   c2::u32 default.color.matrix = 1
D/CCodecConfig( 5483):   c2::u32 default.color.primaries = 1
D/CCodecConfig( 5483):   c2::u32 default.color.range = 2
D/CCodecConfig( 5483):   c2::u32 default.color.transfer = 3
D/CCodecConfig( 5483):   c2::u32 raw.max-size.height = 1280
D/CCodecConfig( 5483):   c2::u32 raw.max-size.width = 720
D/CCodecConfig( 5483):   c2::u32 raw.size.height = 1280
D/CCodecConfig( 5483):   c2::u32 raw.size.width = 720
I/CCodecImpl( 5483): set scene mode: 0x20, ProcName:badmuscodehive.appldq
D/CCodecConfig( 5483): c2 config diff is   c2::u64 vendor.coding.scene-mode.value = 32
D/CCodecConfig( 5483): c2 config diff is   c2::i32 vendor.coding.transform.value = 0
W/Codec2Client( 5483): query -- param skipped: index = 1107298332.
D/CCodec  ( 5483): client requested max input size 345600, which is smaller than what component recommended (1048576); overriding with component recommendation.
W/CCodec  ( 5483): This behavior is subject to change. It is recommended that app developers double check whether the requested max input size is in reasonable range.
D/CCodec  ( 5483): encoding statistics level = 0
D/CCodec  ( 5483): setup formats input: AMessage(what = 0x00000000) = {
D/CCodec  ( 5483):   int32_t height = 1280
D/CCodec  ( 5483):   int32_t level = 64
D/CCodec  ( 5483):   int32_t max-input-size = 1048576
D/CCodec  ( 5483):   string mime = "video/x-vnd.on2.vp9"
D/CCodec  ( 5483):   int32_t priority = 0
D/CCodec  ( 5483):   int32_t profile = 1
D/CCodec  ( 5483):   int32_t width = 720
D/CCodec  ( 5483):   Rect crop(0, 0, 719, 1279)
D/CCodec  ( 5483):   int32_t vendor.coding.transform.value = 0
D/CCodec  ( 5483): }
D/CCodec  ( 5483): setup formats output: AMessage(what = 0x00000000) = {
D/CCodec  ( 5483):   int32_t android._color-format = 2135033992
D/CCodec  ( 5483):   int32_t android._video-scaling = 1
D/CCodec  ( 5483):   int32_t android._dataspace = 260
D/CCodec  ( 5483):   int32_t color-standard = 1
D/CCodec  ( 5483):   int32_t color-range = 2
D/CCodec  ( 5483):   int32_t color-transfer = 3
D/CCodec  ( 5483):   int32_t sar-height = 1
D/CCodec  ( 5483):   int32_t rotation-degrees = 0
D/CCodec  ( 5483):   Buffer hdr-static-info = {
D/CCodec  ( 5483):     00000000:  00 00 00 00 00 00 00 00  00 00 00 00 00 00 00 00  ................
D/CCodec  ( 5483):     00000010:  00 00 00 00 00 00 00 00  00                       .........
D/CCodec  ( 5483):   }
D/CCodec  ( 5483):   int32_t sar-width = 1
D/CCodec  ( 5483):   Rect crop(0, 0, 719, 1279)
D/CCodec  ( 5483):   int32_t width = 720
D/CCodec  ( 5483):   Buffer hdr10-plus-info = {
D/CCodec  ( 5483):   }
D/CCodec  ( 5483):   int32_t height = 1280
D/CCodec  ( 5483):   int32_t max-height = 1280
D/CCodec  ( 5483):   int32_t max-width = 720
D/CCodec  ( 5483):   string mime = "video/raw"
D/CCodec  ( 5483):   int32_t priority = 0
D/CCodec  ( 5483):   int64_t vendor.coding.scene-mode.value = 32
D/CCodec  ( 5483):   int32_t color-format = 2130708361
D/CCodec  ( 5483): }
I/CCodecConfig( 5483): query failed after returning 19 values (BAD_INDEX)
D/CCodecConfig( 5483): c2 config diff is   c2::u32 raw.color.matrix = 1
D/CCodecConfig( 5483):   c2::u32 raw.color.primaries = 1
D/CCodecConfig( 5483):   c2::u32 raw.color.range = 2
D/CCodecConfig( 5483):   c2::u32 raw.color.transfer = 3
D/MediaCodec( 5483): [0xb400006f24c09000] setState: 4
D/MediaCodec( 5483): keep callback message for reclaim
D/MediaCodec( 5483): [0xb400006f24c09000] setState: 5
D/SSenseEx( 5483): report data to the sprdssense service,---start
W/Codec2Client( 5483): query -- param skipped: index = 1342179345.
W/Codec2Client( 5483): query -- param skipped: index = 2415921170.
W/Codec2Client( 5483): query -- param skipped: index = 1610614798.
W/Codec2Client( 5483): query -- param skipped: index = 2684356609.
D/CCodecBufferChannel( 5483): [c2.unisoc.vp9.decoder#723] Created input block pool with allocatorID 16 => poolID 18 - OK (0)
D/CCodecBufferChannel( 5483): [c2.unisoc.vp9.decoder#723] Query output surface allocator returned 0 params => BAD_INDEX (6)
I/CCodecBufferChannel( 5483): [c2.unisoc.vp9.decoder#723] Created output block pool with allocatorID 18 => poolID 147 - OK
D/CCodecBufferChannel( 5483): [c2.unisoc.vp9.decoder#723] Configured output block pool ids 147 => OK
D/Codec2-OutputBufferQueue( 5483): remote graphic buffer migration 0/0
D/Codec2Client( 5483): setOutputSurface -- failed to set consumer usage (6/BAD_INDEX)
D/Codec2Client( 5483): setOutputSurface -- generation=5614593 consumer usage=0x900
D/mali_gralloc( 5483): register: id=2a900001506, handle=0xb400006fb36d7880, importpid=5483
D/mali_gralloc( 5483): unregister: id=2a900001506, handle=0xb400006fb36d7880, base=0x0, importpid=5483, clone_count=0
D/Codec2Client( 5483): Surface configure completed
D/MediaCodec( 5483): [0xb400006f24c09000] setState: 6
D/mali_gralloc( 5483): register: id=2a900001507, handle=0xb400006fb36d9020, importpid=5483
D/mali_gralloc( 5483): register: id=2a900001508, handle=0xb400006fb36d93a0, importpid=5483
D/mali_gralloc( 5483): register: id=2a900001509, handle=0xb400006fb36d9480, importpid=5483
D/CCodecBufferChannel( 5483): [c2.unisoc.vp9.decoder#723] Ignoring stale input buffer done callback: last flush index = 0, frameIndex = 0
D/mali_gralloc( 5483): register: id=2a900001507, handle=0xb400006fb36d9560, importpid=5483
D/CCodecConfig( 5483): c2 config diff is   c2::u32 raw.crop.height = 1280
D/CCodecConfig( 5483):   c2::u32 raw.crop.left = 0
D/CCodecConfig( 5483):   c2::u32 raw.crop.top = 0
D/CCodecConfig( 5483):   c2::u32 raw.crop.width = 720
D/mali_gralloc( 5483): register: id=2a90000150a, handle=0xb400006fb36d9640, importpid=5483
D/mali_gralloc( 5483): register: id=2a900001509, handle=0xb400006fb36d9720, importpid=5483
D/mali_gralloc( 5483): register: id=2a90000150b, handle=0xb400006fb36d9800, importpid=5483
D/mali_gralloc( 5483): register: id=2a90000150a, handle=0xb400006fb36d98e0, importpid=5483
D/mali_gralloc( 5483): register: id=2a90000150c, handle=0xb400006fb36d99c0, importpid=5483
D/mali_gralloc( 5483): register: id=2a90000150d, handle=0xb400007096d23ae0, importpid=5483
D/mali_gralloc( 5483): register: id=2a90000150e, handle=0xb400006fb36d9aa0, importpid=5483
D/mali_gralloc( 5483): register: id=2a90000150c, handle=0xb400006fb36d9b80, importpid=5483
D/mali_gralloc( 5483): register: id=2a90000150f, handle=0xb400006fb36d9c60, importpid=5483
D/mali_gralloc( 5483): register: id=2a90000150b, handle=0xb400006fb36d9fe0, importpid=5483
D/CCodecConfig( 5483): c2 config diff is   c2::u32 raw.channel-mask.value = 12
D/CCodecBuffers( 5483): [c2.android.aac.decoder#576:Output[N]] popFromStashAndRegister: at 1000000000000us, output format changed to AMessage(what = 0x00000000) = {
D/CCodecBuffers( 5483):   int32_t aac-drc-album-mode = 0
D/CCodecBuffers( 5483):   int32_t aac-drc-boost-level = 127
D/CCodecBuffers( 5483):   int32_t aac-drc-cut-level = 127
D/CCodecBuffers( 5483):   int32_t aac-drc-effect-type = 3
D/CCodecBuffers( 5483):   int32_t aac-drc-output-loudness = -1
D/CCodecBuffers( 5483):   int32_t aac-encoded-target-level = -1
D/CCodecBuffers( 5483):   int32_t aac-max-output-channel_count = 8
D/CCodecBuffers( 5483):   int32_t aac-target-ref-level = 64
D/CCodecBuffers( 5483):   int32_t buffer-batch-max-output-size = 0
D/CCodecBuffers( 5483):   int32_t buffer-batch-threshold-output-size = 0
D/CCodecBuffers( 5483):   int32_t channel-count = 2
D/CCodecBuffers( 5483):   int32_t channel-mask = 12
D/CCodecBuffers( 5483):   int32_t max-output-channel-count = 8
D/CCodecBuffers( 5483):   string mime = "audio/raw"
D/CCodecBuffers( 5483):   int32_t sample-rate = 44100
D/CCodecBuffers( 5483):   int32_t android._config-pcm-encoding = 2
D/CCodecBuffers( 5483): }
D/mali_gralloc( 5483): register: id=2a900001510, handle=0xb400006fb36d9f00, importpid=5483
D/mali_gralloc( 5483): register: id=2a90000150d, handle=0xb400006fb36da1a0, importpid=5483
D/mali_gralloc( 5483): register: id=2a900001511, handle=0xb400006fb36da0c0, importpid=5483
D/mali_gralloc( 5483): register: id=2a90000150e, handle=0xb400006fb36da360, importpid=5483
D/mali_gralloc( 5483): register: id=2a900001512, handle=0xb400006fb36da440, importpid=5483
D/mali_gralloc( 5483): register: id=2a90000150f, handle=0xb400006fb36da520, importpid=5483
D/mali_gralloc( 5483): register: id=2a900001513, handle=0xb400006fb36da600, importpid=5483
D/mali_gralloc( 5483): register: id=2a900001510, handle=0xb400006fb36da6e0, importpid=5483
I/AudioTrack( 5483): set(): streamType -1, sampleRate 44100, format 0x1, channelMask 0x3, frameCount 14176, flags 0, notificationFrames 0, sessionId 0, transferType 3, uid 10508, pid 5483, packageName badmuscodehive.appldq
D/AudioTrack( 5483): set() fadeEnabled:1, isWhiteApp: 0
D/AudioTrack( 5483): set(): Building AudioTrack with attributes: usage=1 content=0 flags=0xa00 tags=[]
D/AudioTrack( 5483): set(), create sync notify, streamType 3
D/AudioNotifyPnp( 5483): createAudioNotify()
D/codehive.appldq( 5483): createAudioNotifyPnpFactory(), create unisoc AudioNotifyPnpInterface 0xb400006f253d35e0
I/codehive.appldq( 5483): hiddenapi: Accessing hidden method Landroid/media/AudioTrack;->getLatency()I (runtime_flags=0, domain=platform, api=unsupported) from Lm84/aim; (domain=app, TargetSdkVersion=36) using reflection: allowed
D/AudioNotifyPnp( 5483): checkWriterThreadName(), notify start to pnp, mWriterTid 6876, name ExoPlayer:Playb
D/mali_gralloc( 5483): register: id=2a900001511, handle=0xb400007096d23680, importpid=5483
D/mali_gralloc( 5483): register: id=2a900001514, handle=0xb400006fb36d84c0, importpid=5483
D/mali_gralloc( 5483): register: id=2a900001512, handle=0xb400006fb36daec0, importpid=5483
D/mali_gralloc( 5483): register: id=2a900001515, handle=0xb400006fb36dade0, importpid=5483
D/mali_gralloc( 5483): register: id=2a900001513, handle=0xb400006fb36dac20, importpid=5483
D/mali_gralloc( 5483): register: id=2a900001516, handle=0xb400006fb36db080, importpid=5483
D/mali_gralloc( 5483): register: id=2a900001515, handle=0xb400006fb36db320, importpid=5483
D/mali_gralloc( 5483): register: id=2a900001516, handle=0xb400006fb36db160, importpid=5483
D/mali_gralloc( 5483): register: id=2a900001514, handle=0xb400006fb36db400, importpid=5483
I/Choreographer( 5483): Skipped 43 frames!  The application may be doing too much work on its main thread.
W/Ads     ( 5483): canOpenAppGmsgHandler disabled.
W/Ads     ( 5483): canOpenAppGmsgHandler disabled.
W/Ads     ( 5483): canOpenAppGmsgHandler disabled.
W/Ads     ( 5483): canOpenAppGmsgHandler disabled.
W/codehive.appldq( 5483): Suspending all threads took: 10.388ms
I/codehive.appldq( 5483): Background young concurrent mark compact GC freed 5469KB AllocSpace bytes, 117(15MB) LOS objects, 58% free, 15MB/38MB, paused 11.674ms,11.376ms total 144.059ms
D/os.LiceInfo( 5483): instance successfully. com.transsion.message.bank.v1.MessageBankLice@e653ed5 from com.transsion.message.bank.IMessageBankLice
D/TextSelection( 5483): onUseCache cache=null
D/os.SingleLice( 5483): instance successfully. com.transsion.dragdrop.v1.DragDropLice@447f351 from com.transsion.dragdrop.DragDropLiceFactory
D/os.SingleLiceFactory( 5483): instance successfully. com.transsion.dragdrop.v1.DragDropLice@447f351 from android.view.IViewLice
D/os.LiceInfo( 5483): instance successfully. com.transsion.view.ViewLice@6b77b6 from android.view.IViewLice
D/SensorManager( 5483): registerListenerImpl sensor = {Sensor name="Game Rotation Vector Sensor", vendor="AOSP", version=3, type=15, maxRange=1.0, resolution=5.9604645E-8, power=11.17, minDelay=2500}, delayUs = 16666, latencyUs = 0, listener = org.chromium.device.sensors.PlatformSensor@4d165ec
D/SensorManager( 5483): unregisterListenerImpl sensor = {Sensor name="Game Rotation Vector Sensor", vendor="AOSP", version=3, type=15, maxRange=1.0, resolution=5.9604645E-8, power=11.17, minDelay=2500}, listener = org.chromium.device.sensors.PlatformSensor@4d165ec
D/SensorManager( 5483): registerListenerImpl sensor = {Sensor name="Game Rotation Vector Sensor", vendor="AOSP", version=3, type=15, maxRange=1.0, resolution=5.9604645E-8, power=11.17, minDelay=2500}, delayUs = 16666, latencyUs = 0, listener = org.chromium.device.sensors.PlatformSensor@4d165ec
I/cr_MediaCodecBridge( 5483): create MediaCodec video decoder, mime video/x-vnd.on2.vp9, decoder name c2.unisoc.vp9.decoder, block_model=false
D/MediaCodec( 5483): CreateByComponentName: name c2.unisoc.vp9.decoder
D/MediaCodec( 5483): [0xb400006f24bff800] setState: 1
D/CCodec  ( 5483): allocate(c2.unisoc.vp9.decoder)
I/Codec2-HalSelection( 5483): selection: hidl
I/CCodec  ( 5483): setting up 'default' as default (vendor) store
I/CCodec  ( 5483): Created component [c2.unisoc.vp9.decoder]
D/CCodecConfig( 5483): read media type: video/x-vnd.on2.vp9
D/ReflectedParamUpdater( 5483): extent() != 1 for single value type: algo.buffers.max-count.values
D/ReflectedParamUpdater( 5483): extent() != 1 for single value type: output.subscribed-indices.values
D/ReflectedParamUpdater( 5483): extent() != 1 for single value type: input.buffers.allocator-ids.values
D/ReflectedParamUpdater( 5483): extent() != 1 for single value type: output.buffers.allocator-ids.values
D/ReflectedParamUpdater( 5483): extent() != 1 for single value type: algo.buffers.allocator-ids.values
D/ReflectedParamUpdater( 5483): extent() != 1 for single value type: output.buffers.pool-ids.values
D/ReflectedParamUpdater( 5483): extent() != 1 for single value type: algo.buffers.pool-ids.values
D/ReflectedParamUpdater( 5483): ignored struct field coded.color-format.locations
D/CCodecConfig( 5483): ignoring local param raw.size (0xd2001800) as it is already supported
D/CCodecConfig( 5483): ignoring local param default.color (0x5200180b) as it is already supported
D/CCodecConfig( 5483): ignoring local param raw.hdr-static-info (0xd200180a) as it is already supported
I/CCodecConfig( 5483): query failed after returning 17 values (BAD_INDEX)
D/CCodecConfig( 5483): c2 config diff is Dict {
D/CCodecConfig( 5483):   c2::i32 algo.priority.value = -1
D/CCodecConfig( 5483):   c2::float algo.rate.value = -1
D/CCodecConfig( 5483):   c2::u32 coded.pl.level = 28678
D/CCodecConfig( 5483):   c2::u32 coded.pl.profile = 28672
D/CCodecConfig( 5483):   c2::u32 coded.vui.color.matrix = 0
D/CCodecConfig( 5483):   c2::u32 coded.vui.color.primaries = 0
D/CCodecConfig( 5483):   c2::u32 coded.vui.color.range = 0
D/CCodecConfig( 5483):   c2::u32 coded.vui.color.transfer = 0
D/CCodecConfig( 5483):   c2::u32 default.color.matrix = 0
D/CCodecConfig( 5483):   c2::u32 default.color.primaries = 0
D/CCodecConfig( 5483):   c2::u32 default.color.range = 0
D/CCodecConfig( 5483):   c2::u32 default.color.transfer = 0
D/CCodecConfig( 5483):   c2::u32 input.buffers.max-size.value = 1048576
D/CCodecConfig( 5483):   c2::u32 input.delay.value = 0
D/CCodecConfig( 5483):   Buffer input.hdr10-plus-info.value = {
D/CCodecConfig( 5483):   }
D/CCodecConfig( 5483):   string input.media-type.value = "video/x-vnd.on2.vp9"
D/CCodecConfig( 5483):   c2::u32 output.delay.value = 8
D/CCodecConfig( 5483):   Buffer output.hdr10-plus-info.value = {
D/CCodecConfig( 5483):   }
D/CCodecConfig( 5483):   string output.media-type.value = "video/raw"
D/CCodecConfig( 5483):   c2::u32 raw.color.matrix = 0
D/CCodecConfig( 5483):   c2::u32 raw.color.primaries = 0
D/CCodecConfig( 5483):   c2::u32 raw.color.range = 0
D/CCodecConfig( 5483):   c2::u32 raw.color.transfer = 0
D/CCodecConfig( 5483):   c2::float raw.hdr-static-info.mastering.blue.x = 0
D/CCodecConfig( 5483):   c2::float raw.hdr-static-info.mastering.blue.y = 0
D/CCodecConfig( 5483):   c2::float raw.hdr-stat
W/ColorUtils( 5483): expected specified color aspects (0:0:0:0)
D/MediaCodec( 5483): [0xb400006f24bff800] setState: 2
I/MediaCodec( 5483): MediaCodec will operate in async mode
D/MediaCodec( 5483): [0xb400006f24bff800] [c2.unisoc.vp9.decoder] configure
I/MediaCodec( 5483): pkgName_codec:badmuscodehive.appldq
D/SurfaceUtils( 5483): connecting to surface 0xb400006f4e4a4010, reason connectToSurface
I/MediaCodec( 5483): [c2.unisoc.vp9.decoder] setting surface generation to 5614594
D/SurfaceUtils( 5483): disconnecting from surface 0xb400006f4e4a4010, reason connectToSurface(reconnect)
D/SurfaceUtils( 5483): connecting to surface 0xb400006f4e4a4000, reason connectToSurface(reconnect-with-listener)
D/MediaCodec( 5483): [0xb400006f24bff800] setState: 3
D/CCodec  ( 5483): [c2.unisoc.vp9.decoder] buffers are bound to CCodec for this session
D/CCodecConfig( 5483): no c2 equivalents for native-window
D/CCodecConfig( 5483): no c2 equivalents for native-window-generation
D/CCodecConfig( 5483): no c2 equivalents for flags
D/CCodecConfig( 5483): c2 config diff is   c2::u32 raw.max-size.height = 640
D/CCodecConfig( 5483):   c2::u32 raw.max-size.width = 360
D/CCodecConfig( 5483):   c2::u32 raw.size.height = 640
D/CCodecConfig( 5483):   c2::u32 raw.size.width = 360
I/CCodecImpl( 5483): set scene mode: 0x20, ProcName:badmuscodehive.appldq
D/CCodecConfig( 5483): c2 config diff is   c2::u64 vendor.coding.scene-mode.value = 32
W/Codec2Client( 5483): query -- param skipped: index = 1107298332.
D/CCodec  ( 5483): client requested max input size 86400, which is smaller than what component recommended (1048576); overriding with component recommendation.
W/CCodec  ( 5483): This behavior is subject to change. It is recommended that app developers double check whether the requested max input size is in reasonable range.
D/CCodec  ( 5483): encoding statistics level = 0
D/CCodec  ( 5483): setup formats input: AMessage(what = 0x00000000) = {
D/CCodec  ( 5483):   int32_t height = 640
D/CCodec  ( 5483):   int32_t level = 64
D/CCodec  ( 5483):   int32_t max-input-size = 1048576
D/CCodec  ( 5483):   string mime = "video/x-vnd.on2.vp9"
D/CCodec  ( 5483):   int32_t priority = 1
D/CCodec  ( 5483):   int32_t profile = 1
D/CCodec  ( 5483):   int32_t width = 360
D/CCodec  ( 5483):   Rect crop(0, 0, 359, 639)
D/CCodec  ( 5483): }
D/CCodec  ( 5483): setup formats output: AMessage(what = 0x00000000) = {
D/CCodec  ( 5483):   int32_t android._color-format = 2135033992
D/CCodec  ( 5483):   int32_t android._video-scaling = 1
D/CCodec  ( 5483):   int32_t android._dataspace = 259
D/CCodec  ( 5483):   int32_t color-standard = 4
D/CCodec  ( 5483):   int32_t color-range = 2
D/CCodec  ( 5483):   int32_t color-transfer = 3
D/CCodec  ( 5483):   int32_t sar-height = 1
D/CCodec  ( 5483):   int32_t rotation-degrees = 0
D/CCodec  ( 5483):   Buffer hdr-static-info = {
D/CCodec  ( 5483):     00000000:  00 00 00 00 00 00 00 00  00 00 00 00 00 00 00 00  ................
D/CCodec  ( 5483):     00000010:  00 00 00 00 00 00 00 00  00                       .........
D/CCodec  ( 5483):   }
D/CCodec  ( 5483):   int32_t sar-width = 1
D/CCodec  ( 5483):   Rect crop(0, 0, 359, 639)
D/CCodec  ( 5483):   int32_t width = 360
D/CCodec  ( 5483):   Buffer hdr10-plus-info = {
D/CCodec  ( 5483):   }
D/CCodec  ( 5483):   int32_t height = 640
D/CCodec  ( 5483):   int32_t max-height = 640
D/CCodec  ( 5483):   int32_t max-width = 360
D/CCodec  ( 5483):   string mime = "video/raw"
D/CCodec  ( 5483):   int32_t priority = 1
D/CCodec  ( 5483):   int64_t vendor.coding.scene-mode.value = 32
D/CCodec  ( 5483):   int32_t color-format = 2130708361
D/CCodec  ( 5483): }
I/CCodecConfig( 5483): query failed after returning 18 values (BAD_INDEX)
D/MediaCodec( 5483): [0xb400006f24bff800] setState: 4
D/MediaCodec( 5483): keep callback message for reclaim
D/MediaCodec( 5483): [0xb400006f24bff800] setState: 5
D/SSenseEx( 5483): report data to the sprdssense service,---start
W/Codec2Client( 5483): query -- param skipped: index = 1342179345.
W/Codec2Client( 5483): query -- param skipped: index = 2415921170.
W/Codec2Client( 5483): query -- param skipped: index = 1610614798.
W/Codec2Client( 5483): query -- param skipped: index = 2684356609.
D/CCodecBufferChannel( 5483): [c2.unisoc.vp9.decoder#508] Created input block pool with allocatorID 16 => poolID 19 - OK (0)
D/CCodecBufferChannel( 5483): [c2.unisoc.vp9.decoder#508] Query output surface allocator returned 0 params => BAD_INDEX (6)
I/CCodecBufferChannel( 5483): [c2.unisoc.vp9.decoder#508] Created output block pool with allocatorID 18 => poolID 148 - OK
D/CCodecBufferChannel( 5483): [c2.unisoc.vp9.decoder#508] Configured output block pool ids 148 => OK
D/Codec2-OutputBufferQueue( 5483): remote graphic buffer migration 0/0
D/Codec2Client( 5483): setOutputSurface -- failed to set consumer usage (6/BAD_INDEX)
D/Codec2Client( 5483): setOutputSurface -- generation=5614594 consumer usage=0x900
D/mali_gralloc( 5483): register: id=2a900001517, handle=0xb400006fb36d9100, importpid=5483
D/mali_gralloc( 5483): unregister: id=2a900001517, handle=0xb400006fb36d9100, base=0x0, importpid=5483, clone_count=0
D/Codec2Client( 5483): Surface configure completed
D/MediaCodec( 5483): [0xb400006f24bff800] setState: 6
D/SensorManager( 5483): unregisterListenerImpl sensor = {Sensor name="Game Rotation Vector Sensor", vendor="AOSP", version=3, type=15, maxRange=1.0, resolution=5.9604645E-8, power=11.17, minDelay=2500}, listener = org.chromium.device.sensors.PlatformSensor@4d165ec
D/SensorManager( 5483): registerListenerImpl sensor = {Sensor name="Game Rotation Vector Sensor", vendor="AOSP", version=3, type=15, maxRange=1.0, resolution=5.9604645E-8, power=11.17, minDelay=2500}, delayUs = 16666, latencyUs = 0, listener = org.chromium.device.sensors.PlatformSensor@4d165ec
D/SensorManager( 5483): unregisterListenerImpl sensor = {Sensor name="Game Rotation Vector Sensor", vendor="AOSP", version=3, type=15, maxRange=1.0, resolution=5.9604645E-8, power=11.17, minDelay=2500}, listener = org.chromium.device.sensors.PlatformSensor@4d165ec
I/Choreographer( 5483): Skipped 116 frames!  The application may be doing too much work on its main thread.
I/ExoPlayerImpl( 5483): Init f5ecbb5 [AndroidXMedia3/1.9.0] [TECNO-KM4, TECNO KM4, TECNO, 35]
I/Ads     ( 5483): ExoPlayerAdapter initialized.
I/DMCodecAdapterFactory( 5483): Creating an asynchronous MediaCodec adapter for track type audio
D/MediaCodec( 5483): CreateByComponentName: name c2.android.aac.decoder
D/MediaCodec( 5483): [0xb400006f24bfc800] setState: 1
D/CCodec  ( 5483): allocate(c2.android.aac.decoder)
I/Codec2-HalSelection( 5483): selection: hidl
I/CCodec  ( 5483): setting up 'default' as default (vendor) store
I/CCodec  ( 5483): Created component [c2.android.aac.decoder]
D/CCodecConfig( 5483): read media type: audio/mp4a-latm
D/ReflectedParamUpdater( 5483): extent() != 1 for single value type: algo.buffers.max-count.values
D/ReflectedParamUpdater( 5483): extent() != 1 for single value type: output.subscribed-indices.values
D/ReflectedParamUpdater( 5483): extent() != 1 for single value type: input.buffers.allocator-ids.values
D/ReflectedParamUpdater( 5483): extent() != 1 for single value type: output.buffers.allocator-ids.values
D/ReflectedParamUpdater( 5483): extent() != 1 for single value type: algo.buffers.allocator-ids.values
D/ReflectedParamUpdater( 5483): extent() != 1 for single value type: output.buffers.pool-ids.values
D/ReflectedParamUpdater( 5483): extent() != 1 for single value type: algo.buffers.pool-ids.values
I/CCodecConfig( 5483): query failed after returning 21 values (BAD_INDEX)
D/CCodecConfig( 5483): c2 config diff is Dict {
D/CCodecConfig( 5483):   c2::u32 coded.aac-packaging.value = 0
D/CCodecConfig( 5483):   c2::u32 coded.bitrate.value = 64000
D/CCodecConfig( 5483):   c2::u32 coded.pl.level = 0
D/CCodecConfig( 5483):   c2::u32 coded.pl.profile = 8192
D/CCodecConfig( 5483):   c2::i32 coding.drc.album-mode.value = 0
D/CCodecConfig( 5483):   c2::float coding.drc.attenuation-factor.value = 1
D/CCodecConfig( 5483):   c2::float coding.drc.boost-factor.value = 1
D/CCodecConfig( 5483):   c2::i32 coding.drc.compression-mode.value = 3
D/CCodecConfig( 5483):   c2::i32 coding.drc.effect-type.value = 3
D/CCodecConfig( 5483):   c2::float coding.drc.encoded-level.value = 0.25
D/CCodecConfig( 5483):   c2::float coding.drc.reference-level.value = -16
D/CCodecConfig( 5483):   c2::u32 input.buffers.max-size.value = 8192
D/CCodecConfig( 5483):   c2::u32 input.delay.value = 0
D/CCodecConfig( 5483):   string input.media-type.value = "audio/mp4a-latm"
D/CCodecConfig( 5483):   c2::u32 output.delay.value = 2
D/CCodecConfig( 5483):   c2::float output.drc.output-loudness.value = 0.25
D/CCodecConfig( 5483):   c2::u32 output.large-frame.max-size = 0
D/CCodecConfig( 5483):   c2::u32 output.large-frame.threshold-size = 0
D/CCodecConfig( 5483):   string output.media-type.value = "audio/raw"
D/CCodecConfig( 5483):   c2::u32 raw.channel-count.value = 1
D/CCodecConfig( 5483):   c2::u32 raw.channel-mask.value = 0
D/CCodecConfig( 5483):   c2::u32 raw.max-channel-count.value = 8
D/CCodecConfig( 5483):   c2::u32 raw.sample-rate.value = 44100
D/CCodecConfig( 5483): }
D/MediaCodec( 5483): [0xb400006f24bfc800] setState: 2
I/MediaCodec( 5483): MediaCodec will operate in async mode
D/MediaCodec( 5483): [0xb400006f24bfc800] [c2.android.aac.decoder] configure
D/MediaCodec( 5483): [0xb400006f24bfc800] setState: 3
D/CCodec  ( 5483): [c2.android.aac.decoder] buffers are bound to CCodec for this session
D/CCodecConfig( 5483): no c2 equivalents for log-session-id
D/CCodecConfig( 5483): no c2 equivalents for importance
D/CCodecConfig( 5483): no c2 equivalents for flags
D/CCodecConfig( 5483): c2 config diff is   c2::u32 raw.channel-count.value = 2
W/Codec2Client( 5483): query -- param skipped: index = 1107298332.
D/CCodec  ( 5483): encoding statistics level = 0
D/CCodec  ( 5483): setup formats input: AMessage(what = 0x00000000) = {
D/CCodec  ( 5483):   int32_t aac-drc-album-mode = 0
D/CCodec  ( 5483):   int32_t aac-drc-boost-level = 127
D/CCodec  ( 5483):   int32_t aac-drc-cut-level = 127
D/CCodec  ( 5483):   int32_t aac-drc-effect-type = 3
D/CCodec  ( 5483):   int32_t aac-encoded-target-level = -1
D/CCodec  ( 5483):   int32_t aac-max-output-channel_count = 8
D/CCodec  ( 5483):   int32_t aac-target-ref-level = 64
D/CCodec  ( 5483):   int32_t bitrate = 64000
D/CCodec  ( 5483):   int32_t channel-count = 2
D/CCodec  ( 5483):   int32_t channel-mask = 0
D/CCodec  ( 5483):   int32_t level = 0
D/CCodec  ( 5483):   int32_t max-input-size = 8192
D/CCodec  ( 5483):   int32_t max-output-channel-count = 8
D/CCodec  ( 5483):   string mime = "audio/mp4a-latm"
D/CCodec  ( 5483):   int32_t profile = 2
D/CCodec  ( 5483):   int32_t sample-rate = 44100
D/CCodec  ( 5483): }
D/CCodec  ( 5483): setup formats output: AMessage(what = 0x00000000) = {
D/CCodec  ( 5483):   int32_t aac-drc-album-mode = 0
D/CCodec  ( 5483):   int32_t aac-drc-boost-level = 127
D/CCodec  ( 5483):   int32_t aac-drc-cut-level = 127
D/CCodec  ( 5483):   int32_t aac-drc-effect-type = 3
D/CCodec  ( 5483):   int32_t aac-drc-output-loudness = -1
D/CCodec  ( 5483):   int32_t aac-encoded-target-level = -1
D/CCodec  ( 5483):   int32_t aac-max-output-channel_count = 8
D/CCodec  ( 5483):   int32_t aac-target-ref-level = 64
D/CCodec  ( 5483):   int32_t buffer-batch-max-output-size = 0
D/CCodec  ( 5483):   int32_t buffer-batch-threshold-output-size = 0
D/CCodec  ( 5483):   int32_t channel-count = 2
D/CCodec  ( 5483):   int32_t channel-mask = 0
D/CCodec  ( 5483):   int32_t max-output-channel-count = 8
D/CCodec  ( 5483):   string mime = "audio/raw"
D/CCodec  ( 5483):   int32_t sample-rate = 44100
D/CCodec  ( 5483):   int32_t android._config-pcm-encoding = 2
D/CCodec  ( 5483): }
I/CCodecConfig( 5483): query failed after returning 21 values (BAD_INDEX)
D/MediaCodec( 5483): [0xb400006f24bfc800] setState: 4
D/MediaCodec( 5483): keep callback message for reclaim
D/MediaCodec( 5483): [0xb400006f24bfc800] setState: 5
W/AString ( 5483): ctor got NULL, using empty string instead
W/Codec2Client( 5483): query -- param skipped: index = 1342179345.
W/Codec2Client( 5483): query -- param skipped: index = 2415921170.
W/Codec2Client( 5483): query -- param skipped: index = 1610614798.
D/CCodecBufferChannel( 5483): [c2.android.aac.decoder#714] Created input block pool with allocatorID 16 => poolID 20 - OK (0)
I/CCodecBufferChannel( 5483): [c2.android.aac.decoder#714] Created output block pool with allocatorID 16 => poolID 348 - OK
D/CCodecBufferChannel( 5483): [c2.android.aac.decoder#714] Configured output block pool ids 348 => OK
D/MediaCodec( 5483): [0xb400006f24bfc800] setState: 6
I/DMCodecAdapterFactory( 5483): Creating an asynchronous MediaCodec adapter for track type video
D/MediaCodec( 5483): CreateByComponentName: name c2.unisoc.vp9.decoder
D/MediaCodec( 5483): [0xb400006f24c01000] setState: 1
D/CCodec  ( 5483): allocate(c2.unisoc.vp9.decoder)
I/Codec2-HalSelection( 5483): selection: hidl
I/CCodec  ( 5483): setting up 'default' as default (vendor) store
I/CCodec  ( 5483): Created component [c2.unisoc.vp9.decoder]
D/CCodecConfig( 5483): read media type: video/x-vnd.on2.vp9
D/ReflectedParamUpdater( 5483): extent() != 1 for single value type: algo.buffers.max-count.values
D/ReflectedParamUpdater( 5483): extent() != 1 for single value type: output.subscribed-indices.values
D/ReflectedParamUpdater( 5483): extent() != 1 for single value type: input.buffers.allocator-ids.values
D/ReflectedParamUpdater( 5483): extent() != 1 for single value type: output.buffers.allocator-ids.values
D/ReflectedParamUpdater( 5483): extent() != 1 for single value type: algo.buffers.allocator-ids.values
D/ReflectedParamUpdater( 5483): extent() != 1 for single value type: output.buffers.pool-ids.values
D/ReflectedParamUpdater( 5483): extent() != 1 for single value type: algo.buffers.pool-ids.values
D/ReflectedParamUpdater( 5483): ignored struct field coded.color-format.locations
D/CCodecConfig( 5483): ignoring local param raw.size (0xd2001800) as it is already supported
D/CCodecConfig( 5483): ignoring local param default.color (0x5200180b) as it is already supported
D/CCodecConfig( 5483): ignoring local param raw.hdr-static-info (0xd200180a) as it is already supported
I/CCodecConfig( 5483): query failed after returning 17 values (BAD_INDEX)
D/CCodecConfig( 5483): c2 config diff is Dict {
D/CCodecConfig( 5483):   c2::i32 algo.priority.value = -1
D/CCodecConfig( 5483):   c2::float algo.rate.value = -1
D/CCodecConfig( 5483):   c2::u32 coded.pl.level = 28678
D/CCodecConfig( 5483):   c2::u32 coded.pl.profile = 28672
D/CCodecConfig( 5483):   c2::u32 coded.vui.color.matrix = 0
D/CCodecConfig( 5483):   c2::u32 coded.vui.color.primaries = 0
D/CCodecConfig( 5483):   c2::u32 coded.vui.color.range = 0
D/CCodecConfig( 5483):   c2::u32 coded.vui.color.transfer = 0
D/CCodecConfig( 5483):   c2::u32 default.color.matrix = 0
D/CCodecConfig( 5483):   c2::u32 default.color.primaries = 0
D/CCodecConfig( 5483):   c2::u32 default.color.range = 0
D/CCodecConfig( 5483):   c2::u32 default.color.transfer = 0
D/CCodecConfig( 5483):   c2::u32 input.buffers.max-size.value = 1048576
D/CCodecConfig( 5483):   c2::u32 input.delay.value = 0
D/CCodecConfig( 5483):   Buffer input.hdr10-plus-info.value = {
D/CCodecConfig( 5483):   }
D/CCodecConfig( 5483):   string input.media-type.value = "video/x-vnd.on2.vp9"
D/CCodecConfig( 5483):   c2::u32 output.delay.value = 8
D/CCodecConfig( 5483):   Buffer output.hdr10-plus-info.value = {
D/CCodecConfig( 5483):   }
D/CCodecConfig( 5483):   string output.media-type.value = "video/raw"
D/CCodecConfig( 5483):   c2::u32 raw.color.matrix = 0
D/CCodecConfig( 5483):   c2::u32 raw.color.primaries = 0
D/CCodecConfig( 5483):   c2::u32 raw.color.range = 0
D/CCodecConfig( 5483):   c2::u32 raw.color.transfer = 0
D/CCodecConfig( 5483):   c2::float raw.hdr-static-info.mastering.blue.x = 0
D/CCodecConfig( 5483):   c2::float raw.hdr-static-info.mastering.blue.y = 0
D/CCodecConfig( 5483):   c2::float raw.hdr-stat
W/ColorUtils( 5483): expected specified color aspects (0:0:0:0)
D/MediaCodec( 5483): [0xb400006f24c01000] setState: 2
I/MediaCodec( 5483): MediaCodec will operate in async mode
D/MediaCodec( 5483): [0xb400006f24c01000] [c2.unisoc.vp9.decoder] configure
I/MediaCodec( 5483): pkgName_codec:badmuscodehive.appldq
D/SurfaceUtils( 5483): connecting to surface 0xb400006f24d3a010, reason connectToSurface
I/MediaCodec( 5483): [c2.unisoc.vp9.decoder] setting surface generation to 5614595
D/SurfaceUtils( 5483): disconnecting from surface 0xb400006f24d3a010, reason connectToSurface(reconnect)
D/SurfaceUtils( 5483): connecting to surface 0xb400006f24d3a000, reason connectToSurface(reconnect-with-listener)
D/MediaCodec( 5483): [0xb400006f24c01000] setState: 3
D/CCodec  ( 5483): [c2.unisoc.vp9.decoder] buffers are bound to CCodec for this session
D/CCodecConfig( 5483): no c2 equivalents for log-session-id
D/CCodecConfig( 5483): no c2 equivalents for importance
D/CCodecConfig( 5483): no c2 equivalents for color-standard
D/CCodecConfig( 5483): no c2 equivalents for native-window
D/CCodecConfig( 5483): no c2 equivalents for native-window-generation
D/CCodecConfig( 5483): no c2 equivalents for flags
D/CCodecConfig( 5483): c2 config diff is   c2::i32 algo.priority.value = 0
D/CCodecConfig( 5483):   c2::u32 default.color.matrix = 1
D/CCodecConfig( 5483):   c2::u32 default.color.primaries = 1
D/CCodecConfig( 5483):   c2::u32 default.color.range = 2
D/CCodecConfig( 5483):   c2::u32 default.color.transfer = 3
D/CCodecConfig( 5483):   c2::u32 raw.max-size.height = 1280
D/CCodecConfig( 5483):   c2::u32 raw.max-size.width = 720
D/CCodecConfig( 5483):   c2::u32 raw.size.height = 1280
D/CCodecConfig( 5483):   c2::u32 raw.size.width = 720
I/CCodecImpl( 5483): set scene mode: 0x20, ProcName:badmuscodehive.appldq
D/CCodecConfig( 5483): c2 config diff is   c2::u64 vendor.coding.scene-mode.value = 32
D/CCodecConfig( 5483): c2 config diff is   c2::i32 vendor.coding.transform.value = 0
W/Codec2Client( 5483): query -- param skipped: index = 1107298332.
D/CCodec  ( 5483): client requested max input size 345600, which is smaller than what component recommended (1048576); overriding with component recommendation.
W/CCodec  ( 5483): This behavior is subject to change. It is recommended that app developers double check whether the requested max input size is in reasonable range.
D/CCodec  ( 5483): encoding statistics level = 0
D/CCodec  ( 5483): setup formats input: AMessage(what = 0x00000000) = {
D/CCodec  ( 5483):   int32_t height = 1280
D/CCodec  ( 5483):   int32_t level = 64
D/CCodec  ( 5483):   int32_t max-input-size = 1048576
D/CCodec  ( 5483):   string mime = "video/x-vnd.on2.vp9"
D/CCodec  ( 5483):   int32_t priority = 0
D/CCodec  ( 5483):   int32_t profile = 1
D/CCodec  ( 5483):   int32_t width = 720
D/CCodec  ( 5483):   Rect crop(0, 0, 719, 1279)
D/CCodec  ( 5483):   int32_t vendor.coding.transform.value = 0
D/CCodec  ( 5483): }
D/CCodec  ( 5483): setup formats output: AMessage(what = 0x00000000) = {
D/CCodec  ( 5483):   int32_t android._color-format = 2135033992
D/CCodec  ( 5483):   int32_t android._video-scaling = 1
D/CCodec  ( 5483):   int32_t android._dataspace = 260
D/CCodec  ( 5483):   int32_t color-standard = 1
D/CCodec  ( 5483):   int32_t color-range = 2
D/CCodec  ( 5483):   int32_t color-transfer = 3
D/CCodec  ( 5483):   int32_t sar-height = 1
D/CCodec  ( 5483):   int32_t rotation-degrees = 0
D/CCodec  ( 5483):   Buffer hdr-static-info = {
D/CCodec  ( 5483):     00000000:  00 00 00 00 00 00 00 00  00 00 00 00 00 00 00 00  ................
D/CCodec  ( 5483):     00000010:  00 00 00 00 00 00 00 00  00                       .........
D/CCodec  ( 5483):   }
D/CCodec  ( 5483):   int32_t sar-width = 1
D/CCodec  ( 5483):   Rect crop(0, 0, 719, 1279)
D/CCodec  ( 5483):   int32_t width = 720
D/CCodec  ( 5483):   Buffer hdr10-plus-info = {
D/CCodec  ( 5483):   }
D/CCodec  ( 5483):   int32_t height = 1280
D/CCodec  ( 5483):   int32_t max-height = 1280
D/CCodec  ( 5483):   int32_t max-width = 720
D/CCodec  ( 5483):   string mime = "video/raw"
D/CCodec  ( 5483):   int32_t priority = 0
D/CCodec  ( 5483):   int64_t vendor.coding.scene-mode.value = 32
D/CCodec  ( 5483):   int32_t color-format = 2130708361
D/CCodec  ( 5483): }
I/CCodecConfig( 5483): query failed after returning 19 values (BAD_INDEX)
D/CCodecConfig( 5483): c2 config diff is   c2::u32 raw.color.matrix = 1
D/CCodecConfig( 5483):   c2::u32 raw.color.primaries = 1
D/CCodecConfig( 5483):   c2::u32 raw.color.range = 2
D/CCodecConfig( 5483):   c2::u32 raw.color.transfer = 3
D/MediaCodec( 5483): [0xb400006f24c01000] setState: 4
D/MediaCodec( 5483): keep callback message for reclaim
D/MediaCodec( 5483): [0xb400006f24c01000] setState: 5
D/SSenseEx( 5483): report data to the sprdssense service,---start
W/Codec2Client( 5483): query -- param skipped: index = 1342179345.
W/Codec2Client( 5483): query -- param skipped: index = 2415921170.
W/Codec2Client( 5483): query -- param skipped: index = 1610614798.
W/Codec2Client( 5483): query -- param skipped: index = 2684356609.
D/CCodecBufferChannel( 5483): [c2.unisoc.vp9.decoder#872] Created input block pool with allocatorID 16 => poolID 21 - OK (0)
D/CCodecBufferChannel( 5483): [c2.unisoc.vp9.decoder#872] Query output surface allocator returned 0 params => BAD_INDEX (6)
I/CCodecBufferChannel( 5483): [c2.unisoc.vp9.decoder#872] Created output block pool with allocatorID 18 => poolID 149 - OK
D/CCodecBufferChannel( 5483): [c2.unisoc.vp9.decoder#872] Configured output block pool ids 149 => OK
D/Codec2-OutputBufferQueue( 5483): remote graphic buffer migration 0/0
D/Codec2Client( 5483): setOutputSurface -- failed to set consumer usage (6/BAD_INDEX)
D/Codec2Client( 5483): setOutputSurface -- generation=5614595 consumer usage=0x900
D/mali_gralloc( 5483): register: id=2a900001518, handle=0xb400006fb36dc580, importpid=5483
D/mali_gralloc( 5483): unregister: id=2a900001518, handle=0xb400006fb36dc580, base=0x0, importpid=5483, clone_count=0
D/Codec2Client( 5483): Surface configure completed
D/MediaCodec( 5483): [0xb400006f24c01000] setState: 6
D/mali_gralloc( 5483): register: id=2a900001519, handle=0xb400006fb36dc660, importpid=5483
D/CCodecConfig( 5483): c2 config diff is   c2::u32 raw.channel-mask.value = 12
D/CCodecBuffers( 5483): [c2.android.aac.decoder#714:Output[N]] popFromStashAndRegister: at 1000000000000us, output format changed to AMessage(what = 0x00000000) = {
D/CCodecBuffers( 5483):   int32_t aac-drc-album-mode = 0
D/CCodecBuffers( 5483):   int32_t aac-drc-boost-level = 127
D/CCodecBuffers( 5483):   int32_t aac-drc-cut-level = 127
D/CCodecBuffers( 5483):   int32_t aac-drc-effect-type = 3
D/CCodecBuffers( 5483):   int32_t aac-drc-output-loudness = -1
D/CCodecBuffers( 5483):   int32_t aac-encoded-target-level = -1
D/CCodecBuffers( 5483):   int32_t aac-max-output-channel_count = 8
D/CCodecBuffers( 5483):   int32_t aac-target-ref-level = 64
D/CCodecBuffers( 5483):   int32_t buffer-batch-max-output-size = 0
D/CCodecBuffers( 5483):   int32_t buffer-batch-threshold-output-size = 0
D/CCodecBuffers( 5483):   int32_t channel-count = 2
D/CCodecBuffers( 5483):   int32_t channel-mask = 12
D/CCodecBuffers( 5483):   int32_t max-output-channel-count = 8
D/CCodecBuffers( 5483):   string mime = "audio/raw"
D/CCodecBuffers( 5483):   int32_t sample-rate = 44100
D/CCodecBuffers( 5483):   int32_t android._config-pcm-encoding = 2
D/CCodecBuffers( 5483): }
D/mali_gralloc( 5483): register: id=2a90000151a, handle=0xb400006f254110e0, importpid=5483
I/AudioTrack( 5483): set(): streamType -1, sampleRate 44100, format 0x1, channelMask 0x3, frameCount 14176, flags 0, notificationFrames 0, sessionId 0, transferType 3, uid 10508, pid 5483, packageName badmuscodehive.appldq
D/AudioTrack( 5483): set() fadeEnabled:1, isWhiteApp: 0
D/AudioTrack( 5483): set(): Building AudioTrack with attributes: usage=1 content=0 flags=0xa00 tags=[]
D/mali_gralloc( 5483): register: id=2a900001519, handle=0xb400006fb36db6a0, importpid=5483
D/CCodecConfig( 5483): c2 config diff is   c2::u32 raw.crop.height = 1280
D/CCodecConfig( 5483):   c2::u32 raw.crop.left = 0
D/CCodecConfig( 5483):   c2::u32 raw.crop.top = 0
D/CCodecConfig( 5483):   c2::u32 raw.crop.width = 720
D/mali_gralloc( 5483): register: id=2a90000151b, handle=0xb400006f25411380, importpid=5483
D/mali_gralloc( 5483): register: id=2a90000151c, handle=0xb400006f254111c0, importpid=5483
D/mali_gralloc( 5483): register: id=2a90000151b, handle=0xb400006f25411540, importpid=5483
D/mali_gralloc( 5483): register: id=2a90000151d, handle=0xb400006f25411460, importpid=5483
D/mali_gralloc( 5483): register: id=2a90000151c, handle=0xb400006f25411700, importpid=5483
D/AudioTrack( 5483): set(), create sync notify, streamType 3
D/AudioNotifyPnp( 5483): createAudioNotify()
D/codehive.appldq( 5483): createAudioNotifyPnpFactory(), create unisoc AudioNotifyPnpInterface 0xb400006f24c22d80
D/mali_gralloc( 5483): register: id=2a90000151e, handle=0xb400006f254118c0, importpid=5483
D/mali_gralloc( 5483): register: id=2a90000151f, handle=0xb400006f254119a0, importpid=5483
D/mali_gralloc( 5483): register: id=2a90000151d, handle=0xb400006f25411a80, importpid=5483
D/mali_gralloc( 5483): register: id=2a900001520, handle=0xb400006f25411b60, importpid=5483
D/AudioNotifyPnp( 5483): checkWriterThreadName(), notify start to pnp, mWriterTid 6928, name ExoPlayer:Playb
D/TextSelection( 5483): onUseCache cache=null
I/codehive.appldq( 5483): Compiler allocated 4985KB to compile boolean m84.aby.handleMessage(android.os.Message)
D/mali_gralloc( 5483): register: id=2a900001521, handle=0xb400006f25411c40, importpid=5483
D/mali_gralloc( 5483): register: id=2a90000151f, handle=0xb400006f254120a0, importpid=5483
D/mali_gralloc( 5483): register: id=2a900001520, handle=0xb400006f25412180, importpid=5483
D/mali_gralloc( 5483): register: id=2a900001522, handle=0xb400006f25412260, importpid=5483
D/mali_gralloc( 5483): register: id=2a90000151e, handle=0xb400006f25412340, importpid=5483
D/mali_gralloc( 5483): register: id=2a900001521, handle=0xb400006f25412420, importpid=5483
D/mali_gralloc( 5483): register: id=2a900001523, handle=0xb400006f25412500, importpid=5483
D/mali_gralloc( 5483): register: id=2a900001524, handle=0xb400006f254125e0, importpid=5483
D/mali_gralloc( 5483): register: id=2a900001522, handle=0xb400006f254126c0, importpid=5483
D/mali_gralloc( 5483): register: id=2a900001525, handle=0xb400006f254127a0, importpid=5483
D/mali_gralloc( 5483): register: id=2a900001523, handle=0xb400006f25411fc0, importpid=5483
D/mali_gralloc( 5483): register: id=2a900001526, handle=0xb400006f25412960, importpid=5483
D/mali_gralloc( 5483): register: id=2a900001524, handle=0xb400006f25412a40, importpid=5483
D/mali_gralloc( 5483): register: id=2a900001527, handle=0xb400006f25412b20, importpid=5483
D/mali_gralloc( 5483): register: id=2a900001525, handle=0xb400006f25412c00, importpid=5483
D/mali_gralloc( 5483): register: id=2a900001528, handle=0xb400006f25411620, importpid=5483
D/SensorManager( 5483): registerListenerImpl sensor = {Sensor name="Game Rotation Vector Sensor", vendor="AOSP", version=3, type=15, maxRange=1.0, resolution=5.9604645E-8, power=11.17, minDelay=2500}, delayUs = 16666, latencyUs = 0, listener = org.chromium.device.sensors.PlatformSensor@4d165ec
D/mali_gralloc( 5483): register: id=2a900001527, handle=0xb400006f25412dc0, importpid=5483
I/ExoPlayerImpl( 5483): Init 6540513 [AndroidXMedia3/1.9.0] [TECNO-KM4, TECNO KM4, TECNO, 35]
D/mali_gralloc( 5483): register: id=2a900001528, handle=0xb400006f25412f80, importpid=5483
D/mali_gralloc( 5483): register: id=2a900001526, handle=0xb400006f25413060, importpid=5483
I/Ads     ( 5483): ExoPlayerAdapter initialized.
I/PlayCore( 5483): UID: [10508]  PID: [5483] PrewarmService : prewarm(badmuscodehive.appldq)
I/PlayCore( 5483): UID: [10508]  PID: [5483] PrewarmService : Initiate binding to the service.
D/SensorManager( 5483): unregisterListenerImpl sensor = {Sensor name="Game Rotation Vector Sensor", vendor="AOSP", version=3, type=15, maxRange=1.0, resolution=5.9604645E-8, power=11.17, minDelay=2500}, listener = org.chromium.device.sensors.PlatformSensor@4d165ec
I/DMCodecAdapterFactory( 5483): Creating an asynchronous MediaCodec adapter for track type audio
I/PlayCore( 5483): UID: [10508]  PID: [5483] PrewarmService : prewarm(badmuscodehive.appldq)
I/PlayCore( 5483): UID: [10508]  PID: [5483] PrewarmService : Initiate binding to the service.
D/MediaCodec( 5483): CreateByComponentName: name c2.android.aac.decoder
D/MediaCodec( 5483): [0xb400006f4e56e000] setState: 1
D/CCodec  ( 5483): allocate(c2.android.aac.decoder)
I/Codec2-HalSelection( 5483): selection: hidl
I/CCodec  ( 5483): setting up 'default' as default (vendor) store
I/CCodec  ( 5483): Created component [c2.android.aac.decoder]
D/CCodecConfig( 5483): read media type: audio/mp4a-latm
W/Ads     ( 5483): canOpenAppGmsgHandler disabled.
W/Ads     ( 5483): canOpenAppGmsgHandler disabled.
D/ReflectedParamUpdater( 5483): extent() != 1 for single value type: algo.buffers.max-count.values
D/ReflectedParamUpdater( 5483): extent() != 1 for single value type: output.subscribed-indices.values
D/ReflectedParamUpdater( 5483): extent() != 1 for single value type: input.buffers.allocator-ids.values
D/ReflectedParamUpdater( 5483): extent() != 1 for single value type: output.buffers.allocator-ids.values
D/ReflectedParamUpdater( 5483): extent() != 1 for single value type: algo.buffers.allocator-ids.values
D/ReflectedParamUpdater( 5483): extent() != 1 for single value type: output.buffers.pool-ids.values
D/ReflectedParamUpdater( 5483): extent() != 1 for single value type: algo.buffers.pool-ids.values
I/codehive.appldq( 5483): Background concurrent mark compact GC freed 4295KB AllocSpace bytes, 53(7376KB) LOS objects, 45% free, 28MB/52MB, paused 1.805ms,4.028ms total 166.093ms
I/CCodecConfig( 5483): query failed after returning 21 values (BAD_INDEX)
D/CCodecConfig( 5483): c2 config diff is Dict {
D/CCodecConfig( 5483):   c2::u32 coded.aac-packaging.value = 0
D/CCodecConfig( 5483):   c2::u32 coded.bitrate.value = 64000
D/CCodecConfig( 5483):   c2::u32 coded.pl.level = 0
D/CCodecConfig( 5483):   c2::u32 coded.pl.profile = 8192
D/CCodecConfig( 5483):   c2::i32 coding.drc.album-mode.value = 0
D/CCodecConfig( 5483):   c2::float coding.drc.attenuation-factor.value = 1
D/CCodecConfig( 5483):   c2::float coding.drc.boost-factor.value = 1
D/CCodecConfig( 5483):   c2::i32 coding.drc.compression-mode.value = 3
D/CCodecConfig( 5483):   c2::i32 coding.drc.effect-type.value = 3
D/CCodecConfig( 5483):   c2::float coding.drc.encoded-level.value = 0.25
D/CCodecConfig( 5483):   c2::float coding.drc.reference-level.value = -16
D/CCodecConfig( 5483):   c2::u32 input.buffers.max-size.value = 8192
D/CCodecConfig( 5483):   c2::u32 input.delay.value = 0
D/CCodecConfig( 5483):   string input.media-type.value = "audio/mp4a-latm"
D/CCodecConfig( 5483):   c2::u32 output.delay.value = 2
D/CCodecConfig( 5483):   c2::float output.drc.output-loudness.value = 0.25
D/CCodecConfig( 5483):   c2::u32 output.large-frame.max-size = 0
D/CCodecConfig( 5483):   c2::u32 output.large-frame.threshold-size = 0
D/CCodecConfig( 5483):   string output.media-type.value = "audio/raw"
D/CCodecConfig( 5483):   c2::u32 raw.channel-count.value = 1
D/CCodecConfig( 5483):   c2::u32 raw.channel-mask.value = 0
D/CCodecConfig( 5483):   c2::u32 raw.max-channel-count.value = 8
D/CCodecConfig( 5483):   c2::u32 raw.sample-rate.value = 44100
D/CCodecConfig( 5483): }
D/MediaCodec( 5483): [0xb400006f4e56e000] setState: 2
I/MediaCodec( 5483): MediaCodec will operate in async mode
D/MediaCodec( 5483): [0xb400006f4e56e000] [c2.android.aac.decoder] configure
D/MediaCodec( 5483): [0xb400006f4e56e000] setState: 3
D/CCodec  ( 5483): [c2.android.aac.decoder] buffers are bound to CCodec for this session
D/CCodecConfig( 5483): no c2 equivalents for log-session-id
D/CCodecConfig( 5483): no c2 equivalents for importance
D/CCodecConfig( 5483): no c2 equivalents for flags
D/CCodecConfig( 5483): c2 config diff is   c2::u32 raw.channel-count.value = 2
W/Codec2Client( 5483): query -- param skipped: index = 1107298332.
D/CCodec  ( 5483): encoding statistics level = 0
D/CCodec  ( 5483): setup formats input: AMessage(what = 0x00000000) = {
D/CCodec  ( 5483):   int32_t aac-drc-album-mode = 0
D/CCodec  ( 5483):   int32_t aac-drc-boost-level = 127
D/CCodec  ( 5483):   int32_t aac-drc-cut-level = 127
D/CCodec  ( 5483):   int32_t aac-drc-effect-type = 3
D/CCodec  ( 5483):   int32_t aac-encoded-target-level = -1
D/CCodec  ( 5483):   int32_t aac-max-output-channel_count = 8
D/CCodec  ( 5483):   int32_t aac-target-ref-level = 64
D/CCodec  ( 5483):   int32_t bitrate = 64000
D/CCodec  ( 5483):   int32_t channel-count = 2
D/CCodec  ( 5483):   int32_t channel-mask = 0
D/CCodec  ( 5483):   int32_t level = 0
D/CCodec  ( 5483):   int32_t max-input-size = 8192
D/CCodec  ( 5483):   int32_t max-output-channel-count = 8
D/CCodec  ( 5483):   string mime = "audio/mp4a-latm"
D/CCodec  ( 5483):   int32_t profile = 2
D/CCodec  ( 5483):   int32_t sample-rate = 44100
D/CCodec  ( 5483): }
D/CCodec  ( 5483): setup formats output: AMessage(what = 0x00000000) = {
D/CCodec  ( 5483):   int32_t aac-drc-album-mode = 0
D/CCodec  ( 5483):   int32_t aac-drc-boost-level = 127
D/CCodec  ( 5483):   int32_t aac-drc-cut-level = 127
D/CCodec  ( 5483):   int32_t aac-drc-effect-type = 3
D/CCodec  ( 5483):   int32_t aac-drc-output-loudness = -1
D/CCodec  ( 5483):   int32_t aac-encoded-target-level = -1
D/CCodec  ( 5483):   int32_t aac-max-output-channel_count = 8
D/CCodec  ( 5483):   int32_t aac-target-ref-level = 64
D/CCodec  ( 5483):   int32_t buffer-batch-max-output-size = 0
D/CCodec  ( 5483):   int32_t buffer-batch-threshold-output-size = 0
D/CCodec  ( 5483):   int32_t channel-count = 2
D/CCodec  ( 5483):   int32_t channel-mask = 0
D/CCodec  ( 5483):   int32_t max-output-channel-count = 8
D/CCodec  ( 5483):   string mime = "audio/raw"
D/CCodec  ( 5483):   int32_t sample-rate = 44100
D/CCodec  ( 5483):   int32_t android._config-pcm-encoding = 2
D/CCodec  ( 5483): }
I/CCodecConfig( 5483): query failed after returning 21 values (BAD_INDEX)
D/MediaCodec( 5483): [0xb400006f4e56e000] setState: 4
D/MediaCodec( 5483): keep callback message for reclaim
D/MediaCodec( 5483): [0xb400006f4e56e000] setState: 5
W/AString ( 5483): ctor got NULL, using empty string instead
W/Codec2Client( 5483): query -- param skipped: index = 1342179345.
W/Codec2Client( 5483): query -- param skipped: index = 2415921170.
W/Codec2Client( 5483): query -- param skipped: index = 1610614798.
D/CCodecBufferChannel( 5483): [c2.android.aac.decoder#883] Created input block pool with allocatorID 16 => poolID 22 - OK (0)
I/CCodecBufferChannel( 5483): [c2.android.aac.decoder#883] Created output block pool with allocatorID 16 => poolID 350 - OK
D/CCodecBufferChannel( 5483): [c2.android.aac.decoder#883] Configured output block pool ids 350 => OK
D/MediaCodec( 5483): [0xb400006f4e56e000] setState: 6
I/Choreographer( 5483): Skipped 77 frames!  The application may be doing too much work on its main thread.
I/DMCodecAdapterFactory( 5483): Creating an asynchronous MediaCodec adapter for track type video
D/MediaCodec( 5483): CreateByComponentName: name c2.unisoc.vp9.decoder
D/MediaCodec( 5483): [0xb400006f4e56f800] setState: 1
D/CCodec  ( 5483): allocate(c2.unisoc.vp9.decoder)
I/Codec2-HalSelection( 5483): selection: hidl
D/mali_gralloc( 5483): register: id=2a900001529, handle=0xb400006fb36d8bc0, importpid=5483
I/CCodec  ( 5483): setting up 'default' as default (vendor) store
D/mali_gralloc( 5483): register: id=2a90000152a, handle=0xb400006fb36dcf20, importpid=5483
I/CCodec  ( 5483): Created component [c2.unisoc.vp9.decoder]
D/CCodecConfig( 5483): read media type: video/x-vnd.on2.vp9
D/ReflectedParamUpdater( 5483): extent() != 1 for single value type: algo.buffers.max-count.values
D/ReflectedParamUpdater( 5483): extent() != 1 for single value type: output.subscribed-indices.values
D/ReflectedParamUpdater( 5483): extent() != 1 for single value type: input.buffers.allocator-ids.values
D/ReflectedParamUpdater( 5483): extent() != 1 for single value type: output.buffers.allocator-ids.values
D/ReflectedParamUpdater( 5483): extent() != 1 for single value type: algo.buffers.allocator-ids.values
D/ReflectedParamUpdater( 5483): extent() != 1 for single value type: output.buffers.pool-ids.values
I/PlayCore( 5483): UID: [10508]  PID: [5483] PrewarmService : prewarm(badmuscodehive.appldq)
D/ReflectedParamUpdater( 5483): extent() != 1 for single value type: algo.buffers.pool-ids.values
I/PlayCore( 5483): UID: [10508]  PID: [5483] PrewarmService : Initiate binding to the service.
D/ReflectedParamUpdater( 5483): ignored struct field coded.color-format.locations
D/CCodecConfig( 5483): ignoring local param raw.size (0xd2001800) as it is already supported
D/CCodecConfig( 5483): ignoring local param default.color (0x5200180b) as it is already supported
D/CCodecConfig( 5483): ignoring local param raw.hdr-static-info (0xd200180a) as it is already supported
I/CCodecConfig( 5483): query failed after returning 17 values (BAD_INDEX)
D/CCodecConfig( 5483): c2 config diff is Dict {
D/CCodecConfig( 5483):   c2::i32 algo.priority.value = -1
D/CCodecConfig( 5483):   c2::float algo.rate.value = -1
D/CCodecConfig( 5483):   c2::u32 coded.pl.level = 28678
D/CCodecConfig( 5483):   c2::u32 coded.pl.profile = 28672
D/CCodecConfig( 5483):   c2::u32 coded.vui.color.matrix = 0
D/CCodecConfig( 5483):   c2::u32 coded.vui.color.primaries = 0
D/CCodecConfig( 5483):   c2::u32 coded.vui.color.range = 0
D/CCodecConfig( 5483):   c2::u32 coded.vui.color.transfer = 0
D/CCodecConfig( 5483):   c2::u32 default.color.matrix = 0
D/CCodecConfig( 5483):   c2::u32 default.color.primaries = 0
D/CCodecConfig( 5483):   c2::u32 default.color.range = 0
D/CCodecConfig( 5483):   c2::u32 default.color.transfer = 0
D/CCodecConfig( 5483):   c2::u32 input.buffers.max-size.value = 1048576
D/CCodecConfig( 5483):   c2::u32 input.delay.value = 0
D/CCodecConfig( 5483):   Buffer input.hdr10-plus-info.value = {
D/CCodecConfig( 5483):   }
D/CCodecConfig( 5483):   string input.media-type.value = "video/x-vnd.on2.vp9"
D/CCodecConfig( 5483):   c2::u32 output.delay.value = 8
D/CCodecConfig( 5483):   Buffer output.hdr10-plus-info.value = {
D/CCodecConfig( 5483):   }
D/CCodecConfig( 5483):   string output.media-type.value = "video/raw"
D/CCodecConfig( 5483):   c2::u32 raw.color.matrix = 0
D/CCodecConfig( 5483):   c2::u32 raw.color.primaries = 0
D/CCodecConfig( 5483):   c2::u32 raw.color.range = 0
D/CCodecConfig( 5483):   c2::u32 raw.color.transfer = 0
D/CCodecConfig( 5483):   c2::float raw.hdr-static-info.mastering.blue.x = 0
D/CCodecConfig( 5483):   c2::float raw.hdr-static-info.mastering.blue.y = 0
D/CCodecConfig( 5483):   c2::float raw.hdr-stat
W/ColorUtils( 5483): expected specified color aspects (0:0:0:0)
D/MediaCodec( 5483): [0xb400006f4e56f800] setState: 2
I/MediaCodec( 5483): MediaCodec will operate in async mode
D/MediaCodec( 5483): [0xb400006f4e56f800] [c2.unisoc.vp9.decoder] configure
I/MediaCodec( 5483): pkgName_codec:badmuscodehive.appldq
D/SurfaceUtils( 5483): connecting to surface 0xb400006f06248010, reason connectToSurface
I/MediaCodec( 5483): [c2.unisoc.vp9.decoder] setting surface generation to 5614596
D/SurfaceUtils( 5483): disconnecting from surface 0xb400006f06248010, reason connectToSurface(reconnect)
D/SurfaceUtils( 5483): connecting to surface 0xb400006f06248000, reason connectToSurface(reconnect-with-listener)
D/MediaCodec( 5483): [0xb400006f4e56f800] setState: 3
D/CCodec  ( 5483): [c2.unisoc.vp9.decoder] buffers are bound to CCodec for this session
D/CCodecConfig( 5483): no c2 equivalents for log-session-id
D/CCodecConfig( 5483): no c2 equivalents for importance
D/CCodecConfig( 5483): no c2 equivalents for color-standard
D/CCodecConfig( 5483): no c2 equivalents for native-window
D/CCodecConfig( 5483): no c2 equivalents for native-window-generation
D/CCodecConfig( 5483): no c2 equivalents for flags
D/CCodecConfig( 5483): c2 config diff is   c2::i32 algo.priority.value = 0
D/CCodecConfig( 5483):   c2::u32 default.color.matrix = 1
D/CCodecConfig( 5483):   c2::u32 default.color.primaries = 1
D/CCodecConfig( 5483):   c2::u32 default.color.range = 2
D/CCodecConfig( 5483):   c2::u32 default.color.transfer = 3
D/CCodecConfig( 5483):   c2::u32 raw.max-size.height = 1280
D/CCodecConfig( 5483):   c2::u32 raw.max-size.width = 720
D/CCodecConfig( 5483):   c2::u32 raw.size.height = 1280
D/CCodecConfig( 5483):   c2::u32 raw.size.width = 720
I/CCodecImpl( 5483): set scene mode: 0x20, ProcName:badmuscodehive.appldq
D/CCodecConfig( 5483): c2 config diff is   c2::u64 vendor.coding.scene-mode.value = 32
D/CCodecConfig( 5483): c2 config diff is   c2::i32 vendor.coding.transform.value = 0
D/mali_gralloc( 5483): register: id=2a900001529, handle=0xb400006f25415ec0, importpid=5483
D/CCodecConfig( 5483): c2 config diff is   c2::u32 raw.crop.height = 640
D/CCodecConfig( 5483):   c2::u32 raw.crop.left = 0
D/CCodecConfig( 5483):   c2::u32 raw.crop.top = 0
D/CCodecConfig( 5483):   c2::u32 raw.crop.width = 360
W/Codec2Client( 5483): query -- param skipped: index = 1107298332.
D/CCodec  ( 5483): client requested max input size 345600, which is smaller than what component recommended (1048576); overriding with component recommendation.
W/CCodec  ( 5483): This behavior is subject to change. It is recommended that app developers double check whether the requested max input size is in reasonable range.
D/CCodec  ( 5483): encoding statistics level = 0
D/CCodec  ( 5483): setup formats input: AMessage(what = 0x00000000) = {
D/CCodec  ( 5483):   int32_t height = 1280
D/CCodec  ( 5483):   int32_t level = 64
D/CCodec  ( 5483):   int32_t max-input-size = 1048576
D/CCodec  ( 5483):   string mime = "video/x-vnd.on2.vp9"
D/CCodec  ( 5483):   int32_t priority = 0
D/CCodec  ( 5483):   int32_t profile = 1
D/CCodec  ( 5483):   int32_t width = 720
D/CCodec  ( 5483):   Rect crop(0, 0, 719, 1279)
D/CCodec  ( 5483):   int32_t vendor.coding.transform.value = 0
D/CCodec  ( 5483): }
D/CCodec  ( 5483): setup formats output: AMessage(what = 0x00000000) = {
D/CCodec  ( 5483):   int32_t android._color-format = 2135033992
D/CCodec  ( 5483):   int32_t android._video-scaling = 1
D/CCodec  ( 5483):   int32_t android._dataspace = 260
D/CCodec  ( 5483):   int32_t color-standard = 1
D/CCodec  ( 5483):   int32_t color-range = 2
D/CCodec  ( 5483):   int32_t color-transfer = 3
D/CCodec  ( 5483):   int32_t sar-height = 1
D/CCodec  ( 5483):   int32_t rotation-degrees = 0
D/CCodec  ( 5483):   Buffer hdr-static-info = {
D/CCodec  ( 5483):     00000000:  00 00 00 00 00 00 00 00  00 00 00 00 00 00 00 00  ................
D/CCodec  ( 5483):     00000010:  00 00 00 00 00 00 00 00  00                       .........
D/CCodec  ( 5483):   }
D/CCodec  ( 5483):   int32_t sar-width = 1
D/CCodec  ( 5483):   Rect crop(0, 0, 719, 1279)
D/CCodec  ( 5483):   int32_t width = 720
D/CCodec  ( 5483):   Buffer hdr10-plus-info = {
D/CCodec  ( 5483):   }
D/CCodec  ( 5483):   int32_t height = 1280
D/CCodec  ( 5483):   int32_t max-height = 1280
D/CCodec  ( 5483):   int32_t max-width = 720
D/CCodec  ( 5483):   string mime = "video/raw"
D/CCodec  ( 5483):   int32_t priority = 0
D/CCodec  ( 5483):   int64_t vendor.coding.scene-mode.value = 32
D/CCodec  ( 5483):   int32_t color-format = 2130708361
D/CCodec  ( 5483): }
D/mali_gralloc( 5483): register: id=2a90000152b, handle=0xb400006f254164e0, importpid=5483
I/CCodecConfig( 5483): query failed after returning 19 values (BAD_INDEX)
D/CCodecConfig( 5483): c2 config diff is   c2::u32 raw.color.matrix = 1
D/CCodecConfig( 5483):   c2::u32 raw.color.primaries = 1
D/CCodecConfig( 5483):   c2::u32 raw.color.range = 2
D/CCodecConfig( 5483):   c2::u32 raw.color.transfer = 3
D/MediaCodec( 5483): [0xb400006f4e56f800] setState: 4
D/MediaCodec( 5483): keep callback message for reclaim
D/MediaCodec( 5483): [0xb400006f4e56f800] setState: 5
D/SSenseEx( 5483): report data to the sprdssense service,---start
D/mali_gralloc( 5483): register: id=2a90000152c, handle=0xb400006f25416160, importpid=5483
W/Codec2Client( 5483): query -- param skipped: index = 1342179345.
W/Codec2Client( 5483): query -- param skipped: index = 2415921170.
W/Codec2Client( 5483): query -- param skipped: index = 1610614798.
W/Codec2Client( 5483): query -- param skipped: index = 2684356609.
D/CCodecBufferChannel( 5483): [c2.unisoc.vp9.decoder#915] Created input block pool with allocatorID 16 => poolID 23 - OK (0)
D/CCodecBufferChannel( 5483): [c2.unisoc.vp9.decoder#915] Query output surface allocator returned 0 params => BAD_INDEX (6)
I/CCodecBufferChannel( 5483): [c2.unisoc.vp9.decoder#915] Created output block pool with allocatorID 18 => poolID 150 - OK
D/mali_gralloc( 5483): register: id=2a90000152b, handle=0xb400006f25415a60, importpid=5483
D/CCodecBufferChannel( 5483): [c2.unisoc.vp9.decoder#915] Configured output block pool ids 150 => OK
D/Codec2-OutputBufferQueue( 5483): remote graphic buffer migration 0/0
D/Codec2Client( 5483): setOutputSurface -- failed to set consumer usage (6/BAD_INDEX)
D/Codec2Client( 5483): setOutputSurface -- generation=5614596 consumer usage=0x900
D/mali_gralloc( 5483): register: id=2a90000152d, handle=0xb400006f25415b40, importpid=5483
D/mali_gralloc( 5483): register: id=2a90000152e, handle=0xb400006f25416860, importpid=5483
D/mali_gralloc( 5483): register: id=2a90000152c, handle=0xb400006f25416940, importpid=5483
D/mali_gralloc( 5483): unregister: id=2a90000152e, handle=0xb400006f25416860, base=0x0, importpid=5483, clone_count=0
D/Codec2Client( 5483): Surface configure completed
D/mali_gralloc( 5483): register: id=2a90000152f, handle=0xb400006f25416780, importpid=5483
D/MediaCodec( 5483): [0xb400006f4e56f800] setState: 6
D/mali_gralloc( 5483): register: id=2a90000152d, handle=0xb400006f25416a20, importpid=5483
D/mali_gralloc( 5483): register: id=2a900001530, handle=0xb400006f25416860, importpid=5483
D/mali_gralloc( 5483): register: id=2a900001531, handle=0xb400006f25416b00, importpid=5483
D/mali_gralloc( 5483): register: id=2a900001532, handle=0xb400006f25416da0, importpid=5483
D/mali_gralloc( 5483): register: id=2a900001533, handle=0xb400006f25416e80, importpid=5483
D/CCodecBufferChannel( 5483): [c2.unisoc.vp9.decoder#915] Ignoring stale input buffer done callback: last flush index = 0, frameIndex = 0
D/CCodecConfig( 5483): c2 config diff is   c2::u32 raw.channel-mask.value = 12
D/mali_gralloc( 5483): register: id=2a900001534, handle=0xb400006f25416be0, importpid=5483
D/CCodecBuffers( 5483): [c2.android.aac.decoder#883:Output[N]] popFromStashAndRegister: at 1000000000000us, output format changed to AMessage(what = 0x00000000) = {
D/CCodecBuffers( 5483):   int32_t aac-drc-album-mode = 0
D/CCodecBuffers( 5483):   int32_t aac-drc-boost-level = 127
D/CCodecBuffers( 5483):   int32_t aac-drc-cut-level = 127
D/CCodecBuffers( 5483):   int32_t aac-drc-effect-type = 3
D/CCodecBuffers( 5483):   int32_t aac-drc-output-loudness = -1
D/CCodecBuffers( 5483):   int32_t aac-encoded-target-level = -1
D/CCodecBuffers( 5483):   int32_t aac-max-output-channel_count = 8
D/CCodecBuffers( 5483):   int32_t aac-target-ref-level = 64
D/CCodecBuffers( 5483):   int32_t buffer-batch-max-output-size = 0
D/CCodecBuffers( 5483):   int32_t buffer-batch-threshold-output-size = 0
D/CCodecBuffers( 5483):   int32_t channel-count = 2
D/CCodecBuffers( 5483):   int32_t channel-mask = 12
D/CCodecBuffers( 5483):   int32_t max-output-channel-count = 8
D/CCodecBuffers( 5483):   string mime = "audio/raw"
D/CCodecBuffers( 5483):   int32_t sample-rate = 44100
D/CCodecBuffers( 5483):   int32_t android._config-pcm-encoding = 2
D/CCodecBuffers( 5483): }
D/mali_gralloc( 5483): register: id=2a900001532, handle=0xb400006f25417200, importpid=5483
D/CCodecConfig( 5483): c2 config diff is   c2::u32 raw.crop.height = 1280
D/CCodecConfig( 5483):   c2::u32 raw.crop.left = 0
D/CCodecConfig( 5483):   c2::u32 raw.crop.top = 0
D/CCodecConfig( 5483):   c2::u32 raw.crop.width = 720
D/mali_gralloc( 5483): register: id=2a900001535, handle=0xb400006f25417120, importpid=5483
I/AudioTrack( 5483): set(): streamType -1, sampleRate 44100, format 0x1, channelMask 0x3, frameCount 14176, flags 0, notificationFrames 0, sessionId 1177, transferType 3, uid 10508, pid 5483, packageName badmuscodehive.appldq
D/mali_gralloc( 5483): register: id=2a900001534, handle=0xb400006f254172e0, importpid=5483
D/AudioTrack( 5483): set() fadeEnabled:1, isWhiteApp: 0
D/AudioTrack( 5483): set(): Building AudioTrack with attributes: usage=1 content=0 flags=0xa00 tags=[]
D/mali_gralloc( 5483): register: id=2a900001536, handle=0xb400006f25417580, importpid=5483
D/mali_gralloc( 5483): register: id=2a900001537, handle=0xb400006f254173c0, importpid=5483
D/AudioTrack( 5483): set(), create sync notify, streamType 3
D/AudioNotifyPnp( 5483): createAudioNotify()
D/codehive.appldq( 5483): createAudioNotifyPnpFactory(), create unisoc AudioNotifyPnpInterface 0xb400006f24ea87a0
I/DynamiteModule( 5483): Considering local module com.google.android.gms.ads.dynamite:0 and remote module com.google.android.gms.ads.dynamite:260480602
I/DynamiteModule( 5483): Selected remote version of com.google.android.gms.ads.dynamite, version >= 260480602
V/DynamiteModule( 5483): Dynamite loader version >= 2, using loadModule2NoCrashUtils
D/AudioNotifyPnp( 5483): checkWriterThreadName(), notify start to pnp, mWriterTid 6952, name ExoPlayer:Playb
I/PlayCore( 5483): UID: [10508]  PID: [5483] PrewarmService : ServiceConnectionImpl.onServiceConnected(ComponentInfo{com.android.vending/com.google.android.finsky.prewarmservice.PrewarmService})
D/mali_gralloc( 5483): register: id=2a900001538, handle=0xb400006f25417820, importpid=5483
D/mali_gralloc( 5483): register: id=2a900001535, handle=0xb400006f25416400, importpid=5483
I/PlayCore( 5483): UID: [10508]  PID: [5483] PrewarmService : linkToDeath
D/mali_gralloc( 5483): register: id=2a900001536, handle=0xb400006f254179e0, importpid=5483
D/mali_gralloc( 5483): register: id=2a900001539, handle=0xb400006f25417ac0, importpid=5483
D/mali_gralloc( 5483): register: id=2a900001537, handle=0xb400006f25417c80, importpid=5483
I/DynamiteModule( 5483): Considering local module com.google.android.gms.ads.dynamite:0 and remote module com.google.android.gms.ads.dynamite:260480602
I/DynamiteModule( 5483): Selected remote version of com.google.android.gms.ads.dynamite, version >= 260480602
V/DynamiteModule( 5483): Dynamite loader version >= 2, using loadModule2NoCrashUtils
D/mali_gralloc( 5483): register: id=2a900001538, handle=0xb400006f25417ba0, importpid=5483
D/mali_gralloc( 5483): register: id=2a90000153a, handle=0xb400006f25417d60, importpid=5483
D/mali_gralloc( 5483): register: id=2a90000153b, handle=0xb400006f25417f20, importpid=5483
D/mali_gralloc( 5483): register: id=2a900001539, handle=0xb400006f25417e40, importpid=5483
D/mali_gralloc( 5483): register: id=2a90000153a, handle=0xb400006f25417660, importpid=5483
D/mali_gralloc( 5483): register: id=2a90000153c, handle=0xb400006f4e5860e0, importpid=5483
D/mali_gralloc( 5483): register: id=2a90000153b, handle=0xb400006f25417900, importpid=5483
D/mali_gralloc( 5483): register: id=2a90000153d, handle=0xb400006f4e5861c0, importpid=5483
D/PipelineWatcher( 5483): onInputBufferReleased: frameIndex not found (8); ignored
D/mali_gralloc( 5483): register: id=2a90000153c, handle=0xb400006f4e5862a0, importpid=5483
I/PlayCore( 5483): UID: [10508]  PID: [5483] PrewarmService : ServiceConnectionImpl.onServiceConnected(ComponentInfo{com.android.vending/com.google.android.finsky.prewarmservice.PrewarmService})
D/mali_gralloc( 5483): register: id=2a90000153e, handle=0xb400006f4e586000, importpid=5483
I/PlayCore( 5483): UID: [10508]  PID: [5483] PrewarmService : linkToDeath
D/mali_gralloc( 5483): register: id=2a90000153d, handle=0xb400006f4e586540, importpid=5483
D/mali_gralloc( 5483): register: id=2a90000153f, handle=0xb400006f4e586620, importpid=5483
D/mali_gralloc( 5483): register: id=2a90000153e, handle=0xb400006f4e586700, importpid=5483
D/mali_gralloc( 5483): register: id=2a900001540, handle=0xb400006f4e5867e0, importpid=5483
D/mali_gralloc( 5483): register: id=2a90000153f, handle=0xb400006f4e5868c0, importpid=5483
D/mali_gralloc( 5483): register: id=2a900001541, handle=0xb400006f4e586380, importpid=5483
D/mali_gralloc( 5483): register: id=2a900001540, handle=0xb400006f4e586a80, importpid=5483
D/mali_gralloc( 5483): register: id=2a900001541, handle=0xb400006f4e586b60, importpid=5483
D/BufferPoolAccessor2.0( 5483): bufferpool2 0xb400006fb33b3028 : 0(0 size) total buffers - 0(0 size) used buffers - 20/26 (recycle/alloc) - 6/26 (fetch/transfer)
D/BufferPoolAccessor2.0( 5483): evictor expired: 1, evicted: 1
I/codehive.appldq( 5483): Background young concurrent mark compact GC freed 5711KB AllocSpace bytes, 41(7296KB) LOS objects, 26% free, 38MB/52MB, paused 2.581ms,11.310ms total 90.777ms
D/TextSelection( 5483): onUseCache cache=null
I/ExoPlayerImpl( 5483): Init 2a613e7 [AndroidXMedia3/1.9.0] [TECNO-KM4, TECNO KM4, TECNO, 35]
I/Ads     ( 5483): ExoPlayerAdapter initialized.
I/Choreographer( 5483): Skipped 115 frames!  The application may be doing too much work on its main thread.
I/DynamiteModule( 5483): Considering local module com.google.android.gms.ads.dynamite:0 and remote module com.google.android.gms.ads.dynamite:260480602
I/DynamiteModule( 5483): Selected remote version of com.google.android.gms.ads.dynamite, version >= 260480602
V/DynamiteModule( 5483): Dynamite loader version >= 2, using loadModule2NoCrashUtils
D/BufferPoolAccessor2.0( 5483): bufferpool2 0xb400006f25457428 : 4(4194304 size) total buffers - 4(4194304 size) used buffers - 14/19 (recycle/alloc) - 5/19 (fetch/transfer)
D/BufferPoolAccessor2.0( 5483): evictor expired: 1, evicted: 1
I/DMCodecAdapterFactory( 5483): Creating an asynchronous MediaCodec adapter for track type audio
D/MediaCodec( 5483): CreateByComponentName: name c2.android.aac.decoder
D/MediaCodec( 5483): [0xb400006f06beb000] setState: 1
D/CCodec  ( 5483): allocate(c2.android.aac.decoder)
I/Codec2-HalSelection( 5483): selection: hidl
I/CCodec  ( 5483): setting up 'default' as default (vendor) store
I/PlayCore( 5483): UID: [10508]  PID: [5483] PrewarmService : ServiceConnectionImpl.onServiceConnected(ComponentInfo{com.android.vending/com.google.android.finsky.prewarmservice.PrewarmService})
I/PlayCore( 5483): UID: [10508]  PID: [5483] PrewarmService : linkToDeath
I/CCodec  ( 5483): Created component [c2.android.aac.decoder]
D/CCodecConfig( 5483): read media type: audio/mp4a-latm
D/mali_gralloc( 5483): register: id=2a90000152f, handle=0xb400006f25415280, importpid=5483
D/ReflectedParamUpdater( 5483): extent() != 1 for single value type: algo.buffers.max-count.values
D/ReflectedParamUpdater( 5483): extent() != 1 for single value type: output.subscribed-indices.values
D/ReflectedParamUpdater( 5483): extent() != 1 for single value type: input.buffers.allocator-ids.values
D/ReflectedParamUpdater( 5483): extent() != 1 for single value type: output.buffers.allocator-ids.values
D/ReflectedParamUpdater( 5483): extent() != 1 for single value type: algo.buffers.allocator-ids.values
D/ReflectedParamUpdater( 5483): extent() != 1 for single value type: output.buffers.pool-ids.values
D/ReflectedParamUpdater( 5483): extent() != 1 for single value type: algo.buffers.pool-ids.values
D/mali_gralloc( 5483): register: id=2a900001529, handle=0xb400006f254150c0, importpid=5483
D/mali_gralloc( 5483): register: id=2a900001542, handle=0xb400006f25415440, importpid=5483
D/mali_gralloc( 5483): unregister: id=2a900001529, handle=0xb400006f254150c0, base=0x0, importpid=5483, clone_count=2
E/FilePhenotypeFlags( 5483): Config package com.google.android.gms.clearcut_client#badmuscodehive.appldq cannot use FILE backing without declarative registration. See go/phenotype-android-integration#phenotype for more information. This will lead to stale flags.
D/mali_gralloc( 5483): register: id=2a900001530, handle=0xb400006f254150c0, importpid=5483
I/CCodecConfig( 5483): query failed after returning 21 values (BAD_INDEX)
D/CCodecConfig( 5483): c2 config diff is Dict {
D/CCodecConfig( 5483):   c2::u32 coded.aac-packaging.value = 0
D/CCodecConfig( 5483):   c2::u32 coded.bitrate.value = 64000
D/CCodecConfig( 5483):   c2::u32 coded.pl.level = 0
D/CCodecConfig( 5483):   c2::u32 coded.pl.profile = 8192
D/CCodecConfig( 5483):   c2::i32 coding.drc.album-mode.value = 0
D/CCodecConfig( 5483):   c2::float coding.drc.attenuation-factor.value = 1
D/CCodecConfig( 5483):   c2::float coding.drc.boost-factor.value = 1
D/CCodecConfig( 5483):   c2::i32 coding.drc.compression-mode.value = 3
D/CCodecConfig( 5483):   c2::i32 coding.drc.effect-type.value = 3
D/CCodecConfig( 5483):   c2::float coding.drc.encoded-level.value = 0.25
D/CCodecConfig( 5483):   c2::float coding.drc.reference-level.value = -16
D/CCodecConfig( 5483):   c2::u32 input.buffers.max-size.value = 8192
D/CCodecConfig( 5483):   c2::u32 input.delay.value = 0
D/CCodecConfig( 5483):   string input.media-type.value = "audio/mp4a-latm"
D/CCodecConfig( 5483):   c2::u32 output.delay.value = 2
D/CCodecConfig( 5483):   c2::float output.drc.output-loudness.value = 0.25
D/CCodecConfig( 5483):   c2::u32 output.large-frame.max-size = 0
D/CCodecConfig( 5483):   c2::u32 output.large-frame.threshold-size = 0
D/CCodecConfig( 5483):   string output.media-type.value = "audio/raw"
D/CCodecConfig( 5483):   c2::u32 raw.channel-count.value = 1
D/CCodecConfig( 5483):   c2::u32 raw.channel-mask.value = 0
D/CCodecConfig( 5483):   c2::u32 raw.max-channel-count.value = 8
D/CCodecConfig( 5483):   c2::u32 raw.sample-rate.value = 44100
D/CCodecConfig( 5483): }
D/MediaCodec( 5483): [0xb400006f06beb000] setState: 2
D/mali_gralloc( 5483): register: id=2a900001543, handle=0xb400006f25415c20, importpid=5483
I/MediaCodec( 5483): MediaCodec will operate in async mode
D/MediaCodec( 5483): [0xb400006f06beb000] [c2.android.aac.decoder] configure
D/MediaCodec( 5483): [0xb400006f06beb000] setState: 3
D/CCodec  ( 5483): [c2.android.aac.decoder] buffers are bound to CCodec for this session
D/CCodecConfig( 5483): no c2 equivalents for log-session-id
D/CCodecConfig( 5483): no c2 equivalents for importance
D/CCodecConfig( 5483): no c2 equivalents for flags
I/codehive.appldq( 5483): Background concurrent mark compact GC freed 2797KB AllocSpace bytes, 36(5720KB) LOS objects, 35% free, 43MB/67MB, paused 1.233ms,12.304ms total 136.772ms
D/CCodecConfig( 5483): c2 config diff is   c2::u32 raw.channel-count.value = 2
D/mali_gralloc( 5483): register: id=2a900001531, handle=0xb400006f25413d80, importpid=5483
D/mali_gralloc( 5483): register: id=2a900001542, handle=0xb400006f25413e60, importpid=5483
D/mali_gralloc( 5483): register: id=2a900001544, handle=0xb400006f25415520, importpid=5483
W/Codec2Client( 5483): query -- param skipped: index = 1107298332.
D/CCodec  ( 5483): encoding statistics level = 0
D/CCodec  ( 5483): setup formats input: AMessage(what = 0x00000000) = {
D/CCodec  ( 5483):   int32_t aac-drc-album-mode = 0
D/CCodec  ( 5483):   int32_t aac-drc-boost-level = 127
D/CCodec  ( 5483):   int32_t aac-drc-cut-level = 127
D/CCodec  ( 5483):   int32_t aac-drc-effect-type = 3
D/CCodec  ( 5483):   int32_t aac-encoded-target-level = -1
D/CCodec  ( 5483):   int32_t aac-max-output-channel_count = 8
D/CCodec  ( 5483):   int32_t aac-target-ref-level = 64
D/CCodec  ( 5483):   int32_t bitrate = 64000
D/CCodec  ( 5483):   int32_t channel-count = 2
D/CCodec  ( 5483):   int32_t channel-mask = 0
D/CCodec  ( 5483):   int32_t level = 0
D/CCodec  ( 5483):   int32_t max-input-size = 8192
D/CCodec  ( 5483):   int32_t max-output-channel-count = 8
D/CCodec  ( 5483):   string mime = "audio/mp4a-latm"
D/CCodec  ( 5483):   int32_t profile = 2
D/CCodec  ( 5483):   int32_t sample-rate = 44100
D/CCodec  ( 5483): }
D/CCodec  ( 5483): setup formats output: AMessage(what = 0x00000000) = {
D/CCodec  ( 5483):   int32_t aac-drc-album-mode = 0
D/CCodec  ( 5483):   int32_t aac-drc-boost-level = 127
D/CCodec  ( 5483):   int32_t aac-drc-cut-level = 127
D/CCodec  ( 5483):   int32_t aac-drc-effect-type = 3
D/CCodec  ( 5483):   int32_t aac-drc-output-loudness = -1
D/CCodec  ( 5483):   int32_t aac-encoded-target-level = -1
D/CCodec  ( 5483):   int32_t aac-max-output-channel_count = 8
D/CCodec  ( 5483):   int32_t aac-target-ref-level = 64
D/CCodec  ( 5483):   int32_t buffer-batch-max-output-size = 0
D/CCodec  ( 5483):   int32_t buffer-batch-threshold-output-size = 0
D/CCodec  ( 5483):   int32_t channel-count = 2
D/CCodec  ( 5483):   int32_t channel-mask = 0
D/CCodec  ( 5483):   int32_t max-output-channel-count = 8
D/CCodec  ( 5483):   string mime = "audio/raw"
D/CCodec  ( 5483):   int32_t sample-rate = 44100
D/CCodec  ( 5483):   int32_t android._config-pcm-encoding = 2
D/CCodec  ( 5483): }
I/CCodecConfig( 5483): query failed after returning 21 values (BAD_INDEX)
D/MediaCodec( 5483): [0xb400006f06beb000] setState: 4
D/MediaCodec( 5483): keep callback message for reclaim
D/MediaCodec( 5483): [0xb400006f06beb000] setState: 5
W/AString ( 5483): ctor got NULL, using empty string instead
W/Codec2Client( 5483): query -- param skipped: index = 1342179345.
W/Codec2Client( 5483): query -- param skipped: index = 2415921170.
W/Codec2Client( 5483): query -- param skipped: index = 1610614798.
D/CCodecBufferChannel( 5483): [c2.android.aac.decoder#469] Created input block pool with allocatorID 16 => poolID 24 - OK (0)
I/CCodecBufferChannel( 5483): [c2.android.aac.decoder#469] Created output block pool with allocatorID 16 => poolID 352 - OK
D/CCodecBufferChannel( 5483): [c2.android.aac.decoder#469] Configured output block pool ids 352 => OK
D/MediaCodec( 5483): [0xb400006f06beb000] setState: 6
I/DMCodecAdapterFactory( 5483): Creating an asynchronous MediaCodec adapter for track type video
D/MediaCodec( 5483): CreateByComponentName: name c2.unisoc.vp9.decoder
D/MediaCodec( 5483): [0xb400006f0622e000] setState: 1
D/CCodec  ( 5483): allocate(c2.unisoc.vp9.decoder)
I/Codec2-HalSelection( 5483): selection: hidl
I/CCodec  ( 5483): setting up 'default' as default (vendor) store
I/CCodec  ( 5483): Created component [c2.unisoc.vp9.decoder]
D/CCodecConfig( 5483): read media type: video/x-vnd.on2.vp9
D/ReflectedParamUpdater( 5483): extent() != 1 for single value type: algo.buffers.max-count.values
D/ReflectedParamUpdater( 5483): extent() != 1 for single value type: output.subscribed-indices.values
D/ReflectedParamUpdater( 5483): extent() != 1 for single value type: input.buffers.allocator-ids.values
D/ReflectedParamUpdater( 5483): extent() != 1 for single value type: output.buffers.allocator-ids.values
D/ReflectedParamUpdater( 5483): extent() != 1 for single value type: algo.buffers.allocator-ids.values
D/ReflectedParamUpdater( 5483): extent() != 1 for single value type: output.buffers.pool-ids.values
D/ReflectedParamUpdater( 5483): extent() != 1 for single value type: algo.buffers.pool-ids.values
D/ReflectedParamUpdater( 5483): ignored struct field coded.color-format.locations
D/CCodecConfig( 5483): ignoring local param raw.size (0xd2001800) as it is already supported
D/CCodecConfig( 5483): ignoring local param default.color (0x5200180b) as it is already supported
D/CCodecConfig( 5483): ignoring local param raw.hdr-static-info (0xd200180a) as it is already supported
I/CCodecConfig( 5483): query failed after returning 17 values (BAD_INDEX)
D/CCodecConfig( 5483): c2 config diff is Dict {
D/CCodecConfig( 5483):   c2::i32 algo.priority.value = -1
D/CCodecConfig( 5483):   c2::float algo.rate.value = -1
D/CCodecConfig( 5483):   c2::u32 coded.pl.level = 28678
D/CCodecConfig( 5483):   c2::u32 coded.pl.profile = 28672
D/CCodecConfig( 5483):   c2::u32 coded.vui.color.matrix = 0
D/CCodecConfig( 5483):   c2::u32 coded.vui.color.primaries = 0
D/CCodecConfig( 5483):   c2::u32 coded.vui.color.range = 0
D/CCodecConfig( 5483):   c2::u32 coded.vui.color.transfer = 0
D/CCodecConfig( 5483):   c2::u32 default.color.matrix = 0
D/CCodecConfig( 5483):   c2::u32 default.color.primaries = 0
D/CCodecConfig( 5483):   c2::u32 default.color.range = 0
D/CCodecConfig( 5483):   c2::u32 default.color.transfer = 0
D/CCodecConfig( 5483):   c2::u32 input.buffers.max-size.value = 1048576
D/CCodecConfig( 5483):   c2::u32 input.delay.value = 0
D/CCodecConfig( 5483):   Buffer input.hdr10-plus-info.value = {
D/CCodecConfig( 5483):   }
D/CCodecConfig( 5483):   string input.media-type.value = "video/x-vnd.on2.vp9"
D/CCodecConfig( 5483):   c2::u32 output.delay.value = 8
D/CCodecConfig( 5483):   Buffer output.hdr10-plus-info.value = {
D/CCodecConfig( 5483):   }
D/CCodecConfig( 5483):   string output.media-type.value = "video/raw"
D/CCodecConfig( 5483):   c2::u32 raw.color.matrix = 0
D/CCodecConfig( 5483):   c2::u32 raw.color.primaries = 0
D/CCodecConfig( 5483):   c2::u32 raw.color.range = 0
D/CCodecConfig( 5483):   c2::u32 raw.color.transfer = 0
D/CCodecConfig( 5483):   c2::float raw.hdr-static-info.mastering.blue.x = 0
D/CCodecConfig( 5483):   c2::float raw.hdr-static-info.mastering.blue.y = 0
D/CCodecConfig( 5483):   c2::float raw.hdr-stat
W/ColorUtils( 5483): expected specified color aspects (0:0:0:0)
D/MediaCodec( 5483): [0xb400006f0622e000] setState: 2
I/MediaCodec( 5483): MediaCodec will operate in async mode
D/MediaCodec( 5483): [0xb400006f0622e000] [c2.unisoc.vp9.decoder] configure
I/MediaCodec( 5483): pkgName_codec:badmuscodehive.appldq
D/SurfaceUtils( 5483): connecting to surface 0xb400006f24d2e010, reason connectToSurface
I/MediaCodec( 5483): [c2.unisoc.vp9.decoder] setting surface generation to 5614597
D/SurfaceUtils( 5483): disconnecting from surface 0xb400006f24d2e010, reason connectToSurface(reconnect)
D/SurfaceUtils( 5483): connecting to surface 0xb400006f24d2e000, reason connectToSurface(reconnect-with-listener)
D/MediaCodec( 5483): [0xb400006f0622e000] setState: 3
D/CCodec  ( 5483): [c2.unisoc.vp9.decoder] buffers are bound to CCodec for this session
D/CCodecConfig( 5483): no c2 equivalents for log-session-id
D/CCodecConfig( 5483): no c2 equivalents for importance
D/CCodecConfig( 5483): no c2 equivalents for color-standard
D/CCodecConfig( 5483): no c2 equivalents for native-window
D/CCodecConfig( 5483): no c2 equivalents for native-window-generation
D/CCodecConfig( 5483): no c2 equivalents for flags
D/CCodecConfig( 5483): c2 config diff is   c2::i32 algo.priority.value = 0
D/CCodecConfig( 5483):   c2::u32 default.color.matrix = 1
D/CCodecConfig( 5483):   c2::u32 default.color.primaries = 1
D/CCodecConfig( 5483):   c2::u32 default.color.range = 2
D/CCodecConfig( 5483):   c2::u32 default.color.transfer = 3
D/CCodecConfig( 5483):   c2::u32 raw.max-size.height = 1280
D/CCodecConfig( 5483):   c2::u32 raw.max-size.width = 720
D/CCodecConfig( 5483):   c2::u32 raw.size.height = 1280
D/CCodecConfig( 5483):   c2::u32 raw.size.width = 720
I/CCodecImpl( 5483): set scene mode: 0x20, ProcName:badmuscodehive.appldq
D/CCodecConfig( 5483): c2 config diff is   c2::u64 vendor.coding.scene-mode.value = 32
D/CCodecConfig( 5483): c2 config diff is   c2::i32 vendor.coding.transform.value = 0
W/Codec2Client( 5483): query -- param skipped: index = 1107298332.
D/CCodec  ( 5483): client requested max input size 345600, which is smaller than what component recommended (1048576); overriding with component recommendation.
W/CCodec  ( 5483): This behavior is subject to change. It is recommended that app developers double check whether the requested max input size is in reasonable range.
D/CCodec  ( 5483): encoding statistics level = 0
D/CCodec  ( 5483): setup formats input: AMessage(what = 0x00000000) = {
D/CCodec  ( 5483):   int32_t height = 1280
D/CCodec  ( 5483):   int32_t level = 64
D/CCodec  ( 5483):   int32_t max-input-size = 1048576
D/CCodec  ( 5483):   string mime = "video/x-vnd.on2.vp9"
D/CCodec  ( 5483):   int32_t priority = 0
D/CCodec  ( 5483):   int32_t profile = 1
D/CCodec  ( 5483):   int32_t width = 720
D/CCodec  ( 5483):   Rect crop(0, 0, 719, 1279)
D/CCodec  ( 5483):   int32_t vendor.coding.transform.value = 0
D/CCodec  ( 5483): }
D/CCodec  ( 5483): setup formats output: AMessage(what = 0x00000000) = {
D/CCodec  ( 5483):   int32_t android._color-format = 2135033992
D/CCodec  ( 5483):   int32_t android._video-scaling = 1
D/CCodec  ( 5483):   int32_t android._dataspace = 260
D/CCodec  ( 5483):   int32_t color-standard = 1
D/CCodec  ( 5483):   int32_t color-range = 2
D/CCodec  ( 5483):   int32_t color-transfer = 3
D/CCodec  ( 5483):   int32_t sar-height = 1
D/CCodec  ( 5483):   int32_t rotation-degrees = 0
D/CCodec  ( 5483):   Buffer hdr-static-info = {
D/CCodec  ( 5483):     00000000:  00 00 00 00 00 00 00 00  00 00 00 00 00 00 00 00  ................
D/CCodec  ( 5483):     00000010:  00 00 00 00 00 00 00 00  00                       .........
D/CCodec  ( 5483):   }
D/CCodec  ( 5483):   int32_t sar-width = 1
D/CCodec  ( 5483):   Rect crop(0, 0, 719, 1279)
D/CCodec  ( 5483):   int32_t width = 720
D/CCodec  ( 5483):   Buffer hdr10-plus-info = {
D/CCodec  ( 5483):   }
D/CCodec  ( 5483):   int32_t height = 1280
D/CCodec  ( 5483):   int32_t max-height = 1280
D/CCodec  ( 5483):   int32_t max-width = 720
D/CCodec  ( 5483):   string mime = "video/raw"
D/CCodec  ( 5483):   int32_t priority = 0
D/CCodec  ( 5483):   int64_t vendor.coding.scene-mode.value = 32
D/CCodec  ( 5483):   int32_t color-format = 2130708361
D/CCodec  ( 5483): }
I/CCodecConfig( 5483): query failed after returning 19 values (BAD_INDEX)
D/CCodecConfig( 5483): c2 config diff is   c2::u32 raw.color.matrix = 1
D/CCodecConfig( 5483):   c2::u32 raw.color.primaries = 1
D/CCodecConfig( 5483):   c2::u32 raw.color.range = 2
D/CCodecConfig( 5483):   c2::u32 raw.color.transfer = 3
D/MediaCodec( 5483): [0xb400006f0622e000] setState: 4
D/MediaCodec( 5483): keep callback message for reclaim
D/MediaCodec( 5483): [0xb400006f0622e000] setState: 5
D/SSenseEx( 5483): report data to the sprdssense service,---start
W/Codec2Client( 5483): query -- param skipped: index = 1342179345.
W/Codec2Client( 5483): query -- param skipped: index = 2415921170.
W/Codec2Client( 5483): query -- param skipped: index = 1610614798.
W/Codec2Client( 5483): query -- param skipped: index = 2684356609.
D/CCodecBufferChannel( 5483): [c2.unisoc.vp9.decoder#79] Created input block pool with allocatorID 16 => poolID 25 - OK (0)
D/CCodecBufferChannel( 5483): [c2.unisoc.vp9.decoder#79] Query output surface allocator returned 0 params => BAD_INDEX (6)
I/CCodecBufferChannel( 5483): [c2.unisoc.vp9.decoder#79] Created output block pool with allocatorID 18 => poolID 151 - OK
D/CCodecBufferChannel( 5483): [c2.unisoc.vp9.decoder#79] Configured output block pool ids 151 => OK
D/Codec2-OutputBufferQueue( 5483): remote graphic buffer migration 0/0
D/Codec2Client( 5483): setOutputSurface -- failed to set consumer usage (6/BAD_INDEX)
D/Codec2Client( 5483): setOutputSurface -- generation=5614597 consumer usage=0x900
D/mali_gralloc( 5483): register: id=2a900001545, handle=0xb400006f25414b80, importpid=5483
D/mali_gralloc( 5483): unregister: id=2a900001545, handle=0xb400006f25414b80, base=0x0, importpid=5483, clone_count=0
D/Codec2Client( 5483): Surface configure completed
D/MediaCodec( 5483): [0xb400006f0622e000] setState: 6
D/mali_gralloc( 5483): register: id=2a900001546, handle=0xb400006f25414c60, importpid=5483
D/mali_gralloc( 5483): register: id=2a900001547, handle=0xb400006f25414f00, importpid=5483
D/CCodecBufferChannel( 5483): [c2.unisoc.vp9.decoder#79] Ignoring stale input buffer done callback: last flush index = 0, frameIndex = 0
D/mali_gralloc( 5483): register: id=2a900001548, handle=0xb400006f4e586e00, importpid=5483
D/mali_gralloc( 5483): register: id=2a900001546, handle=0xb400006f4e586ee0, importpid=5483
D/CCodecConfig( 5483): c2 config diff is   c2::u32 raw.crop.height = 1280
D/CCodecConfig( 5483):   c2::u32 raw.crop.left = 0
D/CCodecConfig( 5483):   c2::u32 raw.crop.top = 0
D/CCodecConfig( 5483):   c2::u32 raw.crop.width = 720
D/mali_gralloc( 5483): register: id=2a900001549, handle=0xb400006f4e586fc0, importpid=5483
D/mali_gralloc( 5483): register: id=2a900001548, handle=0xb400006f4e587260, importpid=5483
D/CCodecConfig( 5483): c2 config diff is   c2::u32 raw.channel-mask.value = 12
D/CCodecBuffers( 5483): [c2.android.aac.decoder#469:Output[N]] popFromStashAndRegister: at 1000000000000us, output format changed to AMessage(what = 0x00000000) = {
D/CCodecBuffers( 5483):   int32_t aac-drc-album-mode = 0
D/CCodecBuffers( 5483):   int32_t aac-drc-boost-level = 127
D/CCodecBuffers( 5483):   int32_t aac-drc-cut-level = 127
D/CCodecBuffers( 5483):   int32_t aac-drc-effect-type = 3
D/CCodecBuffers( 5483):   int32_t aac-drc-output-loudness = -1
D/CCodecBuffers( 5483):   int32_t aac-encoded-target-level = -1
D/CCodecBuffers( 5483):   int32_t aac-max-output-channel_count = 8
D/CCodecBuffers( 5483):   int32_t aac-target-ref-level = 64
D/CCodecBuffers( 5483):   int32_t buffer-batch-max-output-size = 0
D/CCodecBuffers( 5483):   int32_t buffer-batch-threshold-output-size = 0
D/CCodecBuffers( 5483):   int32_t channel-count = 2
D/CCodecBuffers( 5483):   int32_t channel-mask = 12
D/CCodecBuffers( 5483):   int32_t max-output-channel-count = 8
D/CCodecBuffers( 5483):   string mime = "audio/raw"
D/CCodecBuffers( 5483):   int32_t sample-rate = 44100
D/CCodecBuffers( 5483):   int32_t android._config-pcm-encoding = 2
D/CCodecBuffers( 5483): }
D/mali_gralloc( 5483): register: id=2a90000154a, handle=0xb400006f4e587340, importpid=5483
D/mali_gralloc( 5483): register: id=2a900001549, handle=0xb400006f4e587420, importpid=5483
D/mali_gralloc( 5483): register: id=2a90000154b, handle=0xb400006f4e587500, importpid=5483
I/AudioTrack( 5483): set(): streamType -1, sampleRate 44100, format 0x1, channelMask 0x3, frameCount 14176, flags 0, notificationFrames 0, sessionId 0, transferType 3, uid 10508, pid 5483, packageName badmuscodehive.appldq
D/AudioTrack( 5483): set() fadeEnabled:1, isWhiteApp: 0
D/AudioTrack( 5483): set(): Building AudioTrack with attributes: usage=1 content=0 flags=0xa00 tags=[]
D/mali_gralloc( 5483): register: id=2a90000154a, handle=0xb400006fb36dcd60, importpid=5483
D/mali_gralloc( 5483): register: id=2a90000154c, handle=0xb400006f4e5875e0, importpid=5483
D/mali_gralloc( 5483): register: id=2a90000154b, handle=0xb400006f4e587880, importpid=5483
D/AudioTrack( 5483): set(), create sync notify, streamType 3
D/AudioNotifyPnp( 5483): createAudioNotify()
D/codehive.appldq( 5483): createAudioNotifyPnpFactory(), create unisoc AudioNotifyPnpInterface 0xb400006f24da1e00
D/mali_gralloc( 5483): register: id=2a90000154d, handle=0xb400006f4e587a40, importpid=5483
D/mali_gralloc( 5483): register: id=2a90000154e, handle=0xb400006f4e587b20, importpid=5483
D/mali_gralloc( 5483): register: id=2a90000154c, handle=0xb400006f4e587c00, importpid=5483
D/mali_gralloc( 5483): register: id=2a90000154f, handle=0xb400006f4e587ce0, importpid=5483
D/AudioNotifyPnp( 5483): checkWriterThreadName(), notify start to pnp, mWriterTid 6981, name ExoPlayer:Playb
D/mali_gralloc( 5483): register: id=2a90000154e, handle=0xb400006f4e587dc0, importpid=5483
D/mali_gralloc( 5483): register: id=2a900001550, handle=0xb400006f4e587ea0, importpid=5483
D/mali_gralloc( 5483): register: id=2a90000154d, handle=0xb400006f4e587f80, importpid=5483
D/mali_gralloc( 5483): register: id=2a900001551, handle=0xb400006f4e588060, importpid=5483
D/mali_gralloc( 5483): register: id=2a90000154f, handle=0xb400006f4e588140, importpid=5483
D/mali_gralloc( 5483): register: id=2a900001552, handle=0xb400006f4e588220, importpid=5483
D/mali_gralloc( 5483): register: id=2a900001550, handle=0xb400006f4e588300, importpid=5483
D/mali_gralloc( 5483): register: id=2a900001551, handle=0xb400006f4e5883e0, importpid=5483
D/mali_gralloc( 5483): register: id=2a900001553, handle=0xb400006f4e5884c0, importpid=5483
D/mali_gralloc( 5483): register: id=2a900001554, handle=0xb400006f4e5885a0, importpid=5483
D/mali_gralloc( 5483): register: id=2a900001552, handle=0xb400006f4e588680, importpid=5483
D/mali_gralloc( 5483): register: id=2a900001555, handle=0xb400006f4e588760, importpid=5483
D/mali_gralloc( 5483): register: id=2a900001553, handle=0xb400006f4e588840, importpid=5483
D/mali_gralloc( 5483): register: id=2a900001555, handle=0xb400006f4e588920, importpid=5483
D/mali_gralloc( 5483): register: id=2a900001554, handle=0xb400006f4e588a00, importpid=5483
D/TextSelection( 5483): onUseCache cache=null
I/cr_MediaCodecBridge( 5483): create MediaCodec video decoder, mime video/x-vnd.on2.vp9, decoder name c2.unisoc.vp9.decoder, block_model=false
D/MediaCodec( 5483): CreateByComponentName: name c2.unisoc.vp9.decoder
I/flutter ( 5483): subscription: wss://nyc.cloud.appwrite.io/v1/realtime?project=690641ad0029b51eefe0&channels%5B%5D=databases.xapzap_db.collections.messages.documents&channels%5B%5D=databases.xapzap_db.collections.notifications.documents&channels%5B%5D=databases.xapzap_db.collections.posts.documents&channels%5B%5D=databases.xapzap_db.collections.profiles.documents.69c18a3933fc9c958c70&channels%5B%5D=databases.xapzap_db.collections.posts.documents.69c19a7a0cb0af43d49f&channels%5B%5D=databases.xapzap_db.collections.posts.documents.69ce8351eecbc8cb6af1&channels%5B%5D=databases.xapzap_db.collections.posts.documents.69ce5ad881b6d54c76ba&channels%5B%5D=databases.xapzap_db.collections.posts.documents.69caaf9c47ba68ef245e&channels%5B%5D=databases.xapzap_db.collections.posts.documents.6990638900132d651243
D/MediaCodec( 5483): [0xb400006f24d0e800] setState: 1
D/CCodec  ( 5483): allocate(c2.unisoc.vp9.decoder)
I/Codec2-HalSelection( 5483): selection: hidl
I/CCodec  ( 5483): setting up 'default' as default (vendor) store
I/CCodec  ( 5483): Created component [c2.unisoc.vp9.decoder]
D/CCodecConfig( 5483): read media type: video/x-vnd.on2.vp9
D/ReflectedParamUpdater( 5483): extent() != 1 for single value type: algo.buffers.max-count.values
D/ReflectedParamUpdater( 5483): extent() != 1 for single value type: output.subscribed-indices.values
D/ReflectedParamUpdater( 5483): extent() != 1 for single value type: input.buffers.allocator-ids.values
D/ReflectedParamUpdater( 5483): extent() != 1 for single value type: output.buffers.allocator-ids.values
D/ReflectedParamUpdater( 5483): extent() != 1 for single value type: algo.buffers.allocator-ids.values
D/ReflectedParamUpdater( 5483): extent() != 1 for single value type: output.buffers.pool-ids.values
D/ReflectedParamUpdater( 5483): extent() != 1 for single value type: algo.buffers.pool-ids.values
D/ReflectedParamUpdater( 5483): ignored struct field coded.color-format.locations
D/CCodecConfig( 5483): ignoring local param raw.size (0xd2001800) as it is already supported
D/CCodecConfig( 5483): ignoring local param default.color (0x5200180b) as it is already supported
D/CCodecConfig( 5483): ignoring local param raw.hdr-static-info (0xd200180a) as it is already supported
I/CCodecConfig( 5483): query failed after returning 17 values (BAD_INDEX)
D/CCodecConfig( 5483): c2 config diff is Dict {
D/CCodecConfig( 5483):   c2::i32 algo.priority.value = -1
D/CCodecConfig( 5483):   c2::float algo.rate.value = -1
D/CCodecConfig( 5483):   c2::u32 coded.pl.level = 28678
D/CCodecConfig( 5483):   c2::u32 coded.pl.profile = 28672
D/CCodecConfig( 5483):   c2::u32 coded.vui.color.matrix = 0
D/CCodecConfig( 5483):   c2::u32 coded.vui.color.primaries = 0
D/CCodecConfig( 5483):   c2::u32 coded.vui.color.range = 0
D/CCodecConfig( 5483):   c2::u32 coded.vui.color.transfer = 0
D/CCodecConfig( 5483):   c2::u32 default.color.matrix = 0
D/CCodecConfig( 5483):   c2::u32 default.color.primaries = 0
D/CCodecConfig( 5483):   c2::u32 default.color.range = 0
D/CCodecConfig( 5483):   c2::u32 default.color.transfer = 0
D/CCodecConfig( 5483):   c2::u32 input.buffers.max-size.value = 1048576
D/CCodecConfig( 5483):   c2::u32 input.delay.value = 0
D/CCodecConfig( 5483):   Buffer input.hdr10-plus-info.value = {
D/CCodecConfig( 5483):   }
D/CCodecConfig( 5483):   string input.media-type.value = "video/x-vnd.on2.vp9"
D/CCodecConfig( 5483):   c2::u32 output.delay.value = 8
D/CCodecConfig( 5483):   Buffer output.hdr10-plus-info.value = {
D/CCodecConfig( 5483):   }
D/CCodecConfig( 5483):   string output.media-type.value = "video/raw"
D/CCodecConfig( 5483):   c2::u32 raw.color.matrix = 0
D/CCodecConfig( 5483):   c2::u32 raw.color.primaries = 0
D/CCodecConfig( 5483):   c2::u32 raw.color.range = 0
D/CCodecConfig( 5483):   c2::u32 raw.color.transfer = 0
D/CCodecConfig( 5483):   c2::float raw.hdr-static-info.mastering.blue.x = 0
D/CCodecConfig( 5483):   c2::float raw.hdr-static-info.mastering.blue.y = 0
D/CCodecConfig( 5483):   c2::float raw.hdr-stat
W/ColorUtils( 5483): expected specified color aspects (0:0:0:0)
D/MediaCodec( 5483): [0xb400006f24d0e800] setState: 2
I/MediaCodec( 5483): MediaCodec will operate in async mode
D/MediaCodec( 5483): [0xb400006f24d0e800] [c2.unisoc.vp9.decoder] configure
I/MediaCodec( 5483): pkgName_codec:badmuscodehive.appldq
D/SurfaceUtils( 5483): connecting to surface 0xb400006f05e2a810, reason connectToSurface
I/MediaCodec( 5483): [c2.unisoc.vp9.decoder] setting surface generation to 5614598
D/SurfaceUtils( 5483): disconnecting from surface 0xb400006f05e2a810, reason connectToSurface(reconnect)
D/SurfaceUtils( 5483): connecting to surface 0xb400006f05e2a800, reason connectToSurface(reconnect-with-listener)
D/MediaCodec( 5483): [0xb400006f24d0e800] setState: 3
D/CCodec  ( 5483): [c2.unisoc.vp9.decoder] buffers are bound to CCodec for this session
D/CCodecConfig( 5483): no c2 equivalents for native-window
D/CCodecConfig( 5483): no c2 equivalents for native-window-generation
D/CCodecConfig( 5483): no c2 equivalents for flags
D/CCodecConfig( 5483): c2 config diff is   c2::u32 raw.max-size.height = 640
D/CCodecConfig( 5483):   c2::u32 raw.max-size.width = 360
D/CCodecConfig( 5483):   c2::u32 raw.size.height = 640
D/CCodecConfig( 5483):   c2::u32 raw.size.width = 360
I/CCodecImpl( 5483): set scene mode: 0x20, ProcName:badmuscodehive.appldq
D/CCodecConfig( 5483): c2 config diff is   c2::u64 vendor.coding.scene-mode.value = 32
W/Codec2Client( 5483): query -- param skipped: index = 1107298332.
D/CCodec  ( 5483): client requested max input size 86400, which is smaller than what component recommended (1048576); overriding with component recommendation.
W/CCodec  ( 5483): This behavior is subject to change. It is recommended that app developers double check whether the requested max input size is in reasonable range.
D/CCodec  ( 5483): encoding statistics level = 0
D/CCodec  ( 5483): setup formats input: AMessage(what = 0x00000000) = {
D/CCodec  ( 5483):   int32_t height = 640
D/CCodec  ( 5483):   int32_t level = 64
D/CCodec  ( 5483):   int32_t max-input-size = 1048576
D/CCodec  ( 5483):   string mime = "video/x-vnd.on2.vp9"
D/CCodec  ( 5483):   int32_t priority = 1
D/CCodec  ( 5483):   int32_t profile = 1
D/CCodec  ( 5483):   int32_t width = 360
D/CCodec  ( 5483):   Rect crop(0, 0, 359, 639)
D/CCodec  ( 5483): }
D/CCodec  ( 5483): setup formats output: AMessage(what = 0x00000000) = {
D/CCodec  ( 5483):   int32_t android._color-format = 2135033992
D/CCodec  ( 5483):   int32_t android._video-scaling = 1
D/CCodec  ( 5483):   int32_t android._dataspace = 259
D/CCodec  ( 5483):   int32_t color-standard = 4
D/CCodec  ( 5483):   int32_t color-range = 2
D/CCodec  ( 5483):   int32_t color-transfer = 3
D/CCodec  ( 5483):   int32_t sar-height = 1
D/CCodec  ( 5483):   int32_t rotation-degrees = 0
D/CCodec  ( 5483):   Buffer hdr-static-info = {
D/CCodec  ( 5483):     00000000:  00 00 00 00 00 00 00 00  00 00 00 00 00 00 00 00  ................
D/CCodec  ( 5483):     00000010:  00 00 00 00 00 00 00 00  00                       .........
D/CCodec  ( 5483):   }
D/CCodec  ( 5483):   int32_t sar-width = 1
D/CCodec  ( 5483):   Rect crop(0, 0, 359, 639)
D/CCodec  ( 5483):   int32_t width = 360
D/CCodec  ( 5483):   Buffer hdr10-plus-info = {
D/CCodec  ( 5483):   }
D/CCodec  ( 5483):   int32_t height = 640
D/CCodec  ( 5483):   int32_t max-height = 640
D/CCodec  ( 5483):   int32_t max-width = 360
D/CCodec  ( 5483):   string mime = "video/raw"
D/CCodec  ( 5483):   int32_t priority = 1
D/CCodec  ( 5483):   int64_t vendor.coding.scene-mode.value = 32
D/CCodec  ( 5483):   int32_t color-format = 2130708361
D/CCodec  ( 5483): }
I/CCodecConfig( 5483): query failed after returning 18 values (BAD_INDEX)
I/PlayCore( 5483): UID: [10508]  PID: [5483] PrewarmService : prewarm(badmuscodehive.appldq)
D/MediaCodec( 5483): [0xb400006f24d0e800] setState: 4
I/PlayCore( 5483): UID: [10508]  PID: [5483] PrewarmService : Initiate binding to the service.
D/MediaCodec( 5483): keep callback message for reclaim
D/MediaCodec( 5483): [0xb400006f24d0e800] setState: 5
D/SSenseEx( 5483): report data to the sprdssense service,---start
W/Codec2Client( 5483): query -- param skipped: index = 1342179345.
W/Codec2Client( 5483): query -- param skipped: index = 2415921170.
W/Codec2Client( 5483): query -- param skipped: index = 1610614798.
W/Codec2Client( 5483): query -- param skipped: index = 2684356609.
D/BufferPoolAccessor2.0( 5483): bufferpool2 0xb400006f8fdeb428 : 4(4194304 size) total buffers - 4(4194304 size) used buffers - 7/12 (recycle/alloc) - 6/8 (fetch/transfer)
D/CCodecBufferChannel( 5483): [c2.unisoc.vp9.decoder#162] Created input block pool with allocatorID 16 => poolID 26 - OK (0)
D/CCodecBufferChannel( 5483): [c2.unisoc.vp9.decoder#162] Query output surface allocator returned 0 params => BAD_INDEX (6)
I/CCodecBufferChannel( 5483): [c2.unisoc.vp9.decoder#162] Created output block pool with allocatorID 18 => poolID 152 - OK
D/CCodecBufferChannel( 5483): [c2.unisoc.vp9.decoder#162] Configured output block pool ids 152 => OK
D/Codec2-OutputBufferQueue( 5483): remote graphic buffer migration 0/0
D/Codec2Client( 5483): setOutputSurface -- failed to set consumer usage (6/BAD_INDEX)
D/Codec2Client( 5483): setOutputSurface -- generation=5614598 consumer usage=0x900
D/mali_gralloc( 5483): register: id=2a900001556, handle=0xb400006f25415d00, importpid=5483
D/mali_gralloc( 5483): unregister: id=2a900001556, handle=0xb400006f25415d00, base=0x0, importpid=5483, clone_count=0
D/Codec2Client( 5483): Surface configure completed
D/MediaCodec( 5483): [0xb400006f24d0e800] setState: 6
I/cr_MediaCodecBridge( 5483): create MediaCodec video decoder, mime video/x-vnd.on2.vp9, decoder name c2.unisoc.vp9.decoder, block_model=false
D/MediaCodec( 5483): CreateByComponentName: name c2.unisoc.vp9.decoder
D/MediaCodec( 5483): [0xb400006f05e35000] setState: 1
D/CCodec  ( 5483): allocate(c2.unisoc.vp9.decoder)
I/Codec2-HalSelection( 5483): selection: hidl
I/CCodec  ( 5483): setting up 'default' as default (vendor) store
I/CCodec  ( 5483): Created component [c2.unisoc.vp9.decoder]
D/CCodecConfig( 5483): read media type: video/x-vnd.on2.vp9
D/ReflectedParamUpdater( 5483): extent() != 1 for single value type: algo.buffers.max-count.values
D/ReflectedParamUpdater( 5483): extent() != 1 for single value type: output.subscribed-indices.values
D/ReflectedParamUpdater( 5483): extent() != 1 for single value type: input.buffers.allocator-ids.values
D/ReflectedParamUpdater( 5483): extent() != 1 for single value type: output.buffers.allocator-ids.values
D/ReflectedParamUpdater( 5483): extent() != 1 for single value type: algo.buffers.allocator-ids.values
D/ReflectedParamUpdater( 5483): extent() != 1 for single value type: output.buffers.pool-ids.values
D/ReflectedParamUpdater( 5483): extent() != 1 for single value type: algo.buffers.pool-ids.values
D/ReflectedParamUpdater( 5483): ignored struct field coded.color-format.locations
D/CCodecConfig( 5483): ignoring local param raw.size (0xd2001800) as it is already supported
D/CCodecConfig( 5483): ignoring local param default.color (0x5200180b) as it is already supported
D/CCodecConfig( 5483): ignoring local param raw.hdr-static-info (0xd200180a) as it is already supported
I/CCodecConfig( 5483): query failed after returning 17 values (BAD_INDEX)
D/CCodecConfig( 5483): c2 config diff is Dict {
D/CCodecConfig( 5483):   c2::i32 algo.priority.value = -1
D/CCodecConfig( 5483):   c2::float algo.rate.value = -1
D/CCodecConfig( 5483):   c2::u32 coded.pl.level = 28678
D/CCodecConfig( 5483):   c2::u32 coded.pl.profile = 28672
D/CCodecConfig( 5483):   c2::u32 coded.vui.color.matrix = 0
D/CCodecConfig( 5483):   c2::u32 coded.vui.color.primaries = 0
D/CCodecConfig( 5483):   c2::u32 coded.vui.color.range = 0
D/CCodecConfig( 5483):   c2::u32 coded.vui.color.transfer = 0
D/CCodecConfig( 5483):   c2::u32 default.color.matrix = 0
D/CCodecConfig( 5483):   c2::u32 default.color.primaries = 0
D/CCodecConfig( 5483):   c2::u32 default.color.range = 0
D/CCodecConfig( 5483):   c2::u32 default.color.transfer = 0
D/CCodecConfig( 5483):   c2::u32 input.buffers.max-size.value = 1048576
D/CCodecConfig( 5483):   c2::u32 input.delay.value = 0
D/CCodecConfig( 5483):   Buffer input.hdr10-plus-info.value = {
D/CCodecConfig( 5483):   }
D/CCodecConfig( 5483):   string input.media-type.value = "video/x-vnd.on2.vp9"
D/CCodecConfig( 5483):   c2::u32 output.delay.value = 8
D/CCodecConfig( 5483):   Buffer output.hdr10-plus-info.value = {
D/CCodecConfig( 5483):   }
D/CCodecConfig( 5483):   string output.media-type.value = "video/raw"
D/CCodecConfig( 5483):   c2::u32 raw.color.matrix = 0
D/CCodecConfig( 5483):   c2::u32 raw.color.primaries = 0
D/CCodecConfig( 5483):   c2::u32 raw.color.range = 0
D/CCodecConfig( 5483):   c2::u32 raw.color.transfer = 0
D/CCodecConfig( 5483):   c2::float raw.hdr-static-info.mastering.blue.x = 0
D/CCodecConfig( 5483):   c2::float raw.hdr-static-info.mastering.blue.y = 0
D/CCodecConfig( 5483):   c2::float raw.hdr-stat
W/ColorUtils( 5483): expected specified color aspects (0:0:0:0)
D/MediaCodec( 5483): [0xb400006f05e35000] setState: 2
I/MediaCodec( 5483): MediaCodec will operate in async mode
D/MediaCodec( 5483): [0xb400006f05e35000] [c2.unisoc.vp9.decoder] configure
I/MediaCodec( 5483): pkgName_codec:badmuscodehive.appldq
D/SurfaceUtils( 5483): connecting to surface 0xb400006f4e500010, reason connectToSurface
W/Ads     ( 5483): canOpenAppGmsgHandler disabled.
W/Ads     ( 5483): canOpenAppGmsgHandler disabled.
I/MediaCodec( 5483): [c2.unisoc.vp9.decoder] setting surface generation to 5614599
D/SurfaceUtils( 5483): disconnecting from surface 0xb400006f4e500010, reason connectToSurface(reconnect)
D/SurfaceUtils( 5483): connecting to surface 0xb400006f4e500000, reason connectToSurface(reconnect-with-listener)
D/MediaCodec( 5483): [0xb400006f05e35000] setState: 3
D/CCodec  ( 5483): [c2.unisoc.vp9.decoder] buffers are bound to CCodec for this session
D/CCodecConfig( 5483): no c2 equivalents for native-window
D/CCodecConfig( 5483): no c2 equivalents for native-window-generation
D/CCodecConfig( 5483): no c2 equivalents for flags
D/CCodecConfig( 5483): c2 config diff is   c2::u32 raw.max-size.height = 640
D/CCodecConfig( 5483):   c2::u32 raw.max-size.width = 360
D/CCodecConfig( 5483):   c2::u32 raw.size.height = 640
D/CCodecConfig( 5483):   c2::u32 raw.size.width = 360
I/CCodecImpl( 5483): set scene mode: 0x20, ProcName:badmuscodehive.appldq
D/CCodecConfig( 5483): c2 config diff is   c2::u64 vendor.coding.scene-mode.value = 32
W/Codec2Client( 5483): query -- param skipped: index = 1107298332.
D/CCodec  ( 5483): client requested max input size 86400, which is smaller than what component recommended (1048576); overriding with component recommendation.
W/CCodec  ( 5483): This behavior is subject to change. It is recommended that app developers double check whether the requested max input size is in reasonable range.
D/CCodec  ( 5483): encoding statistics level = 0
D/CCodec  ( 5483): setup formats input: AMessage(what = 0x00000000) = {
D/CCodec  ( 5483):   int32_t height = 640
D/CCodec  ( 5483):   int32_t level = 64
D/CCodec  ( 5483):   int32_t max-input-size = 1048576
D/CCodec  ( 5483):   string mime = "video/x-vnd.on2.vp9"
D/CCodec  ( 5483):   int32_t priority = 1
D/CCodec  ( 5483):   int32_t profile = 1
D/CCodec  ( 5483):   int32_t width = 360
D/CCodec  ( 5483):   Rect crop(0, 0, 359, 639)
D/CCodec  ( 5483): }
D/CCodec  ( 5483): setup formats output: AMessage(what = 0x00000000) = {
D/CCodec  ( 5483):   int32_t android._color-format = 2135033992
D/CCodec  ( 5483):   int32_t android._video-scaling = 1
D/CCodec  ( 5483):   int32_t android._dataspace = 259
D/CCodec  ( 5483):   int32_t color-standard = 4
D/CCodec  ( 5483):   int32_t color-range = 2
D/CCodec  ( 5483):   int32_t color-transfer = 3
D/CCodec  ( 5483):   int32_t sar-height = 1
D/CCodec  ( 5483):   int32_t rotation-degrees = 0
D/CCodec  ( 5483):   Buffer hdr-static-info = {
D/CCodec  ( 5483):     00000000:  00 00 00 00 00 00 00 00  00 00 00 00 00 00 00 00  ................
D/CCodec  ( 5483):     00000010:  00 00 00 00 00 00 00 00  00                       .........
D/CCodec  ( 5483):   }
D/CCodec  ( 5483):   int32_t sar-width = 1
D/CCodec  ( 5483):   Rect crop(0, 0, 359, 639)
D/CCodec  ( 5483):   int32_t width = 360
D/CCodec  ( 5483):   Buffer hdr10-plus-info = {
D/CCodec  ( 5483):   }
D/CCodec  ( 5483):   int32_t height = 640
D/CCodec  ( 5483):   int32_t max-height = 640
D/CCodec  ( 5483):   int32_t max-width = 360
D/CCodec  ( 5483):   string mime = "video/raw"
D/CCodec  ( 5483):   int32_t priority = 1
D/CCodec  ( 5483):   int64_t vendor.coding.scene-mode.value = 32
D/CCodec  ( 5483):   int32_t color-format = 2130708361
D/CCodec  ( 5483): }
I/CCodecConfig( 5483): query failed after returning 18 values (BAD_INDEX)
D/MediaCodec( 5483): [0xb400006f05e35000] setState: 4
D/MediaCodec( 5483): keep callback message for reclaim
D/MediaCodec( 5483): [0xb400006f05e35000] setState: 5
D/SSenseEx( 5483): report data to the sprdssense service,---start
W/Codec2Client( 5483): query -- param skipped: index = 1342179345.
W/Codec2Client( 5483): query -- param skipped: index = 2415921170.
W/Codec2Client( 5483): query -- param skipped: index = 1610614798.
W/Codec2Client( 5483): query -- param skipped: index = 2684356609.
D/CCodecBufferChannel( 5483): [c2.unisoc.vp9.decoder#110] Created input block pool with allocatorID 16 => poolID 27 - OK (0)
D/CCodecBufferChannel( 5483): [c2.unisoc.vp9.decoder#110] Query output surface allocator returned 0 params => BAD_INDEX (6)
I/CCodecBufferChannel( 5483): [c2.unisoc.vp9.decoder#110] Created output block pool with allocatorID 18 => poolID 153 - OK
D/CCodecBufferChannel( 5483): [c2.unisoc.vp9.decoder#110] Configured output block pool ids 153 => OK
D/Codec2-OutputBufferQueue( 5483): remote graphic buffer migration 0/0
D/Codec2Client( 5483): setOutputSurface -- failed to set consumer usage (6/BAD_INDEX)
D/Codec2Client( 5483): setOutputSurface -- generation=5614599 consumer usage=0x900
W/Ads     ( 5483): canOpenAppGmsgHandler disabled.
W/Ads     ( 5483): canOpenAppGmsgHandler disabled.
D/mali_gralloc( 5483): register: id=2a900001557, handle=0xb400006f4e589020, importpid=5483
D/mali_gralloc( 5483): unregister: id=2a900001557, handle=0xb400006f4e589020, base=0x0, importpid=5483, clone_count=0
D/Codec2Client( 5483): Surface configure completed
D/MediaCodec( 5483): [0xb400006f05e35000] setState: 6
I/cr_MediaCodecBridge( 5483): create MediaCodec video decoder, mime video/x-vnd.on2.vp9, decoder name c2.unisoc.vp9.decoder, block_model=false
D/MediaCodec( 5483): CreateByComponentName: name c2.unisoc.vp9.decoder
I/Choreographer( 5483): Skipped 120 frames!  The application may be doing too much work on its main thread.
D/MediaCodec( 5483): [0xb400006f05e36800] setState: 1
D/CCodec  ( 5483): allocate(c2.unisoc.vp9.decoder)
I/Codec2-HalSelection( 5483): selection: hidl
I/CCodec  ( 5483): setting up 'default' as default (vendor) store
I/CCodec  ( 5483): Created component [c2.unisoc.vp9.decoder]
D/CCodecConfig( 5483): read media type: video/x-vnd.on2.vp9
D/ReflectedParamUpdater( 5483): extent() != 1 for single value type: algo.buffers.max-count.values
D/ReflectedParamUpdater( 5483): extent() != 1 for single value type: output.subscribed-indices.values
D/mali_gralloc( 5483): register: id=2a900001558, handle=0xb400006f25413300, importpid=5483
D/ReflectedParamUpdater( 5483): extent() != 1 for single value type: input.buffers.allocator-ids.values
D/ReflectedParamUpdater( 5483): extent() != 1 for single value type: output.buffers.allocator-ids.values
D/ReflectedParamUpdater( 5483): extent() != 1 for single value type: algo.buffers.allocator-ids.values
D/ReflectedParamUpdater( 5483): extent() != 1 for single value type: output.buffers.pool-ids.values
D/ReflectedParamUpdater( 5483): extent() != 1 for single value type: algo.buffers.pool-ids.values
D/mali_gralloc( 5483): register: id=2a900001543, handle=0xb400006f4e58be80, importpid=5483
D/mali_gralloc( 5483): register: id=2a900001559, handle=0xb400006f4e58b240, importpid=5483
D/mali_gralloc( 5483): register: id=2a900001544, handle=0xb400006f4e58b320, importpid=5483
D/ReflectedParamUpdater( 5483): ignored struct field coded.color-format.locations
D/mali_gralloc( 5483): register: id=2a90000155a, handle=0xb400006f4e58ba20, importpid=5483
D/CCodecConfig( 5483): ignoring local param raw.size (0xd2001800) as it is already supported
D/CCodecConfig( 5483): ignoring local param default.color (0x5200180b) as it is already supported
D/CCodecConfig( 5483): ignoring local param raw.hdr-static-info (0xd200180a) as it is already supported
D/mali_gralloc( 5483): register: id=2a900001558, handle=0xb400006f4e58bda0, importpid=5483
I/CCodecConfig( 5483): query failed after returning 17 values (BAD_INDEX)
D/CCodecConfig( 5483): c2 config diff is Dict {
D/CCodecConfig( 5483):   c2::i32 algo.priority.value = -1
D/CCodecConfig( 5483):   c2::float algo.rate.value = -1
D/CCodecConfig( 5483):   c2::u32 coded.pl.level = 28678
D/CCodecConfig( 5483):   c2::u32 coded.pl.profile = 28672
D/CCodecConfig( 5483):   c2::u32 coded.vui.color.matrix = 0
D/CCodecConfig( 5483):   c2::u32 coded.vui.color.primaries = 0
D/CCodecConfig( 5483):   c2::u32 coded.vui.color.range = 0
D/CCodecConfig( 5483):   c2::u32 coded.vui.color.transfer = 0
D/CCodecConfig( 5483):   c2::u32 default.color.matrix = 0
D/CCodecConfig( 5483):   c2::u32 default.color.primaries = 0
D/CCodecConfig( 5483):   c2::u32 default.color.range = 0
D/CCodecConfig( 5483):   c2::u32 default.color.transfer = 0
D/CCodecConfig( 5483):   c2::u32 input.buffers.max-size.value = 1048576
D/CCodecConfig( 5483):   c2::u32 input.delay.value = 0
D/CCodecConfig( 5483):   Buffer input.hdr10-plus-info.value = {
D/CCodecConfig( 5483):   }
D/CCodecConfig( 5483):   string input.media-type.value = "video/x-vnd.on2.vp9"
D/CCodecConfig( 5483):   c2::u32 output.delay.value = 8
D/CCodecConfig( 5483):   Buffer output.hdr10-plus-info.value = {
D/CCodecConfig( 5483):   }
D/CCodecConfig( 5483):   string output.media-type.value = "video/raw"
D/CCodecConfig( 5483):   c2::u32 raw.color.matrix = 0
D/CCodecConfig( 5483):   c2::u32 raw.color.primaries = 0
D/CCodecConfig( 5483):   c2::u32 raw.color.range = 0
D/CCodecConfig( 5483):   c2::u32 raw.color.transfer = 0
D/CCodecConfig( 5483):   c2::float raw.hdr-static-info.mastering.blue.x = 0
D/CCodecConfig( 5483):   c2::float raw.hdr-static-info.mastering.blue.y = 0
D/CCodecConfig( 5483):   c2::float raw.hdr-stat
W/ColorUtils( 5483): expected specified color aspects (0:0:0:0)
D/MediaCodec( 5483): [0xb400006f05e36800] setState: 2
D/mali_gralloc( 5483): register: id=2a90000155b, handle=0xb400006f4e58b400, importpid=5483
D/mali_gralloc( 5483): register: id=2a90000155a, handle=0xb400006f25415d00, importpid=5483
I/PlayCore( 5483): UID: [10508]  PID: [5483] PrewarmService : ServiceConnectionImpl.onServiceConnected(ComponentInfo{com.android.vending/com.google.android.finsky.prewarmservice.PrewarmService})
I/PlayCore( 5483): UID: [10508]  PID: [5483] PrewarmService : linkToDeath
I/MediaCodec( 5483): MediaCodec will operate in async mode
D/MediaCodec( 5483): [0xb400006f05e36800] [c2.unisoc.vp9.decoder] configure
I/MediaCodec( 5483): pkgName_codec:badmuscodehive.appldq
D/SurfaceUtils( 5483): connecting to surface 0xb400006f4e502810, reason connectToSurface
I/MediaCodec( 5483): [c2.unisoc.vp9.decoder] setting surface generation to 5614600
D/SurfaceUtils( 5483): disconnecting from surface 0xb400006f4e502810, reason connectToSurface(reconnect)
D/SurfaceUtils( 5483): connecting to surface 0xb400006f4e502800, reason connectToSurface(reconnect-with-listener)
D/MediaCodec( 5483): [0xb400006f05e36800] setState: 3
D/CCodec  ( 5483): [c2.unisoc.vp9.decoder] buffers are bound to CCodec for this session
D/mali_gralloc( 5483): register: id=2a90000155c, handle=0xb400006f4e58c120, importpid=5483
D/CCodecConfig( 5483): no c2 equivalents for native-window
D/CCodecConfig( 5483): no c2 equivalents for native-window-generation
D/CCodecConfig( 5483): no c2 equivalents for flags
D/CCodecConfig( 5483): c2 config diff is   c2::u32 raw.max-size.height = 640
D/CCodecConfig( 5483):   c2::u32 raw.max-size.width = 360
D/CCodecConfig( 5483):   c2::u32 raw.size.height = 640
D/CCodecConfig( 5483):   c2::u32 raw.size.width = 360
I/CCodecImpl( 5483): set scene mode: 0x20, ProcName:badmuscodehive.appldq
D/mali_gralloc( 5483): register: id=2a90000155d, handle=0xb400006f4e58c040, importpid=5483
D/CCodecConfig( 5483): c2 config diff is   c2::u64 vendor.coding.scene-mode.value = 32
D/mali_gralloc( 5483): register: id=2a90000155e, handle=0xb400006f4e58c2e0, importpid=5483
W/Codec2Client( 5483): query -- param skipped: index = 1107298332.
D/CCodec  ( 5483): client requested max input size 86400, which is smaller than what component recommended (1048576); overriding with component recommendation.
W/CCodec  ( 5483): This behavior is subject to change. It is recommended that app developers double check whether the requested max input size is in reasonable range.
D/CCodec  ( 5483): encoding statistics level = 0
D/CCodec  ( 5483): setup formats input: AMessage(what = 0x00000000) = {
D/CCodec  ( 5483):   int32_t height = 640
D/CCodec  ( 5483):   int32_t level = 64
D/CCodec  ( 5483):   int32_t max-input-size = 1048576
D/CCodec  ( 5483):   string mime = "video/x-vnd.on2.vp9"
D/CCodec  ( 5483):   int32_t priority = 1
D/CCodec  ( 5483):   int32_t profile = 1
D/CCodec  ( 5483):   int32_t width = 360
D/CCodec  ( 5483):   Rect crop(0, 0, 359, 639)
D/CCodec  ( 5483): }
D/CCodec  ( 5483): setup formats output: AMessage(what = 0x00000000) = {
D/CCodec  ( 5483):   int32_t android._color-format = 2135033992
D/CCodec  ( 5483):   int32_t android._video-scaling = 1
D/CCodec  ( 5483):   int32_t android._dataspace = 259
D/CCodec  ( 5483):   int32_t color-standard = 4
D/CCodec  ( 5483):   int32_t color-range = 2
D/CCodec  ( 5483):   int32_t color-transfer = 3
D/CCodec  ( 5483):   int32_t sar-height = 1
D/CCodec  ( 5483):   int32_t rotation-degrees = 0
D/CCodec  ( 5483):   Buffer hdr-static-info = {
D/CCodec  ( 5483):     00000000:  00 00 00 00 00 00 00 00  00 00 00 00 00 00 00 00  ................
D/CCodec  ( 5483):     00000010:  00 00 00 00 00 00 00 00  00                       .........
D/CCodec  ( 5483):   }
D/CCodec  ( 5483):   int32_t sar-width = 1
D/CCodec  ( 5483):   Rect crop(0, 0, 359, 639)
D/CCodec  ( 5483):   int32_t width = 360
D/CCodec  ( 5483):   Buffer hdr10-plus-info = {
D/CCodec  ( 5483):   }
D/CCodec  ( 5483):   int32_t height = 640
D/CCodec  ( 5483):   int32_t max-height = 640
D/CCodec  ( 5483):   int32_t max-width = 360
D/CCodec  ( 5483):   string mime = "video/raw"
D/CCodec  ( 5483):   int32_t priority = 1
D/CCodec  ( 5483):   int64_t vendor.coding.scene-mode.value = 32
D/CCodec  ( 5483):   int32_t color-format = 2130708361
D/CCodec  ( 5483): }
I/CCodecConfig( 5483): query failed after returning 18 values (BAD_INDEX)
D/MediaCodec( 5483): [0xb400006f05e36800] setState: 4
D/MediaCodec( 5483): keep callback message for reclaim
D/mali_gralloc( 5483): register: id=2a90000155f, handle=0xb400006f4e58c3c0, importpid=5483
D/MediaCodec( 5483): [0xb400006f05e36800] setState: 5
D/SSenseEx( 5483): report data to the sprdssense service,---start
W/Codec2Client( 5483): query -- param skipped: index = 1342179345.
W/Codec2Client( 5483): query -- param skipped: index = 2415921170.
W/Codec2Client( 5483): query -- param skipped: index = 1610614798.
D/mali_gralloc( 5483): register: id=2a90000155c, handle=0xb400006f4e58c4a0, importpid=5483
W/Codec2Client( 5483): query -- param skipped: index = 2684356609.
D/CCodecConfig( 5483): c2 config diff is   c2::u32 raw.crop.height = 640
D/CCodecConfig( 5483):   c2::u32 raw.crop.left = 0
D/CCodecConfig( 5483):   c2::u32 raw.crop.top = 0
D/CCodecConfig( 5483):   c2::u32 raw.crop.width = 360
D/CCodecBufferChannel( 5483): [c2.unisoc.vp9.decoder#585] Created input block pool with allocatorID 16 => poolID 28 - OK (0)
D/CCodecBufferChannel( 5483): [c2.unisoc.vp9.decoder#585] Query output surface allocator returned 0 params => BAD_INDEX (6)
I/CCodecBufferChannel( 5483): [c2.unisoc.vp9.decoder#585] Created output block pool with allocatorID 18 => poolID 154 - OK
D/CCodecBufferChannel( 5483): [c2.unisoc.vp9.decoder#585] Configured output block pool ids 154 => OK
D/Codec2-OutputBufferQueue( 5483): remote graphic buffer migration 0/0
D/Codec2Client( 5483): setOutputSurface -- failed to set consumer usage (6/BAD_INDEX)
D/Codec2Client( 5483): setOutputSurface -- generation=5614600 consumer usage=0x900
D/mali_gralloc( 5483): register: id=2a900001560, handle=0xb400006f254141e0, importpid=5483
D/mali_gralloc( 5483): register: id=2a90000155e, handle=0xb400006f4e589560, importpid=5483
D/mali_gralloc( 5483): register: id=2a900001561, handle=0xb400006f4e58c200, importpid=5483
D/mali_gralloc( 5483): unregister: id=2a900001561, handle=0xb400006f4e58c200, base=0x0, importpid=5483, clone_count=0
D/Codec2Client( 5483): Surface configure completed
D/mali_gralloc( 5483): register: id=2a900001562, handle=0xb400006f4e58c200, importpid=5483
D/mali_gralloc( 5483): register: id=2a90000155f, handle=0xb400006f4e58c580, importpid=5483
D/mali_gralloc( 5483): register: id=2a900001560, handle=0xb400006f25414480, importpid=5483
D/mali_gralloc( 5483): register: id=2a900001563, handle=0xb400006f4e58ad00, importpid=5483
D/MediaCodec( 5483): [0xb400006f05e36800] setState: 6
D/mali_gralloc( 5483): register: id=2a900001564, handle=0xb400006f4e58c820, importpid=5483
E/FilePhenotypeFlags( 5483): Config package com.google.android.gms.clearcut_client#badmuscodehive.appldq cannot use FILE backing without declarative registration. See go/phenotype-android-integration#phenotype for more information. This will lead to stale flags.
E/FilePhenotypeFlags( 5483): Config package com.google.android.gms.clearcut_client#badmuscodehive.appldq cannot use FILE backing without declarative registration. See go/phenotype-android-integration#phenotype for more information. This will lead to stale flags.
I/ExoPlayerImpl( 5483): Init 9338e43 [AndroidXMedia3/1.9.0] [TECNO-KM4, TECNO KM4, TECNO, 35]
I/Ads     ( 5483): ExoPlayerAdapter initialized.
I/ExoPlayerImpl( 5483): Init d175584 [AndroidXMedia3/1.9.0] [TECNO-KM4, TECNO KM4, TECNO, 35]
D/mali_gralloc( 5483): register: id=2a900001565, handle=0xb400006f4e58cac0, importpid=5483
I/Ads     ( 5483): ExoPlayerAdapter initialized.
D/mali_gralloc( 5483): register: id=2a900001566, handle=0xb400006f4e58cd60, importpid=5483
D/mali_gralloc( 5483): register: id=2a900001567, handle=0xb400006f4e58cf20, importpid=5483
D/CCodecBufferChannel( 5483): [c2.unisoc.vp9.decoder#110] Ignoring stale input buffer done callback: last flush index = 0, frameIndex = 0
D/mali_gralloc( 5483): register: id=2a900001568, handle=0xb400006f25414560, importpid=5483
D/mali_gralloc( 5483): register: id=2a900001565, handle=0xb400006f4ec81000, importpid=5483
D/CCodecConfig( 5483): c2 config diff is   c2::u32 raw.crop.height = 640
D/CCodecConfig( 5483):   c2::u32 raw.crop.left = 0
D/CCodecConfig( 5483):   c2::u32 raw.crop.top = 0
D/CCodecConfig( 5483):   c2::u32 raw.crop.width = 360
D/mali_gralloc( 5483): register: id=2a900001569, handle=0xb400006f4ec811c0, importpid=5483
D/mali_gralloc( 5483): register: id=2a900001567, handle=0xb400006f4ec812a0, importpid=5483
D/mali_gralloc( 5483): register: id=2a90000156a, handle=0xb400006f4ec81460, importpid=5483
D/mali_gralloc( 5483): register: id=2a900001568, handle=0xb400006f4ec81620, importpid=5483
D/mali_gralloc( 5483): register: id=2a90000156b, handle=0xb400006f4ec81700, importpid=5483
D/mali_gralloc( 5483): register: id=2a900001569, handle=0xb400006f4ec817e0, importpid=5483
D/mali_gralloc( 5483): register: id=2a90000156c, handle=0xb400006f4e58ce40, importpid=5483
D/mali_gralloc( 5483): register: id=2a900001562, handle=0xb400006f4ec819a0, importpid=5483
W/Ads     ( 5483): canOpenAppGmsgHandler disabled.
W/Ads     ( 5483): canOpenAppGmsgHandler disabled.
D/mali_gralloc( 5483): register: id=2a90000155c, handle=0xb400006f4ec818c0, importpid=5483
D/mali_gralloc( 5483): unregister: id=2a90000155c, handle=0xb400006f4ec818c0, base=0x0, importpid=5483, clone_count=2
D/mali_gralloc( 5483): register: id=2a90000156d, handle=0xb400006f4ec81540, importpid=5483
D/mali_gralloc( 5483): register: id=2a900001563, handle=0xb400006f4ec81a80, importpid=5483
D/mali_gralloc( 5483): register: id=2a90000156e, handle=0xb400006f4ec81d20, importpid=5483
D/mali_gralloc( 5483): register: id=2a90000156f, handle=0xb400006f4ec81e00, importpid=5483
I/PlayCore( 5483): UID: [10508]  PID: [5483] PrewarmService : prewarm(badmuscodehive.appldq)
D/mali_gralloc( 5483): register: id=2a900001570, handle=0xb400006f4ec81ee0, importpid=5483
I/PlayCore( 5483): UID: [10508]  PID: [5483] PrewarmService : Initiate binding to the service.
D/mali_gralloc( 5483): register: id=2a900001571, handle=0xb400006f4ec82a40, importpid=5483
D/mali_gralloc( 5483): register: id=2a900001572, handle=0xb400006f4ec82b20, importpid=5483
D/mali_gralloc( 5483): register: id=2a90000156e, handle=0xb400006f4ec81fc0, importpid=5483
D/CCodecConfig( 5483): c2 config diff is   c2::u32 raw.crop.height = 640
D/CCodecConfig( 5483):   c2::u32 raw.crop.left = 0
D/CCodecConfig( 5483):   c2::u32 raw.crop.top = 0
D/CCodecConfig( 5483):   c2::u32 raw.crop.width = 360
D/mali_gralloc( 5483): register: id=2a900001564, handle=0xb400006f4ec82ce0, importpid=5483
D/mali_gralloc( 5483): register: id=2a900001573, handle=0xb400006f4ec82f80, importpid=5483
D/mali_gralloc( 5483): register: id=2a900001570, handle=0xb400006f4ec83220, importpid=5483
D/mali_gralloc( 5483): register: id=2a900001572, handle=0xb400006f4ec83680, importpid=5483
D/mali_gralloc( 5483): register: id=2a900001574, handle=0xb400006f4ec83760, importpid=5483
D/mali_gralloc( 5483): register: id=2a900001575, handle=0xb400006f4ec83920, importpid=5483
I/ExoPlayerImpl( 5483): Init ff12a75 [AndroidXMedia3/1.9.0] [TECNO-KM4, TECNO KM4, TECNO, 35]
D/mali_gralloc( 5483): register: id=2a900001576, handle=0xb400006f4ec83ae0, importpid=5483
D/mali_gralloc( 5483): register: id=2a900001571, handle=0xb400006f4ec83ca0, importpid=5483
I/Ads     ( 5483): ExoPlayerAdapter initialized.
D/mali_gralloc( 5483): register: id=2a90000156a, handle=0xb400006f4ec83d80, importpid=5483
D/mali_gralloc( 5483): register: id=2a900001565, handle=0xb400006f4ec83e60, importpid=5483
D/mali_gralloc( 5483): unregister: id=2a900001565, handle=0xb400006f4ec83e60, base=0x0, importpid=5483, clone_count=2
D/mali_gralloc( 5483): register: id=2a900001577, handle=0xb400006f4ec83e60, importpid=5483
D/mali_gralloc( 5483): register: id=2a90000156b, handle=0xb400006f4ec83a00, importpid=5483
D/mali_gralloc( 5483): register: id=2a900001574, handle=0xb400006f4ec83f40, importpid=5483
I/PlayCore( 5483): UID: [10508]  PID: [5483] PrewarmService : ServiceConnectionImpl.onServiceConnected(ComponentInfo{com.android.vending/com.google.android.finsky.prewarmservice.PrewarmService})
D/mali_gralloc( 5483): register: id=2a900001578, handle=0xb400006f4ec841e0, importpid=5483
D/mali_gralloc( 5483): register: id=2a900001576, handle=0xb400006f4ec843a0, importpid=5483
I/PlayCore( 5483): UID: [10508]  PID: [5483] PrewarmService : linkToDeath
D/mali_gralloc( 5483): register: id=2a900001579, handle=0xb400006f4ec84020, importpid=5483
D/mali_gralloc( 5483): register: id=2a90000156c, handle=0xb400006f4ec84560, importpid=5483
D/mali_gralloc( 5483): register: id=2a90000157a, handle=0xb400006f4ec818c0, importpid=5483
D/mali_gralloc( 5483): register: id=2a900001573, handle=0xb400006f4ec84640, importpid=5483
D/mali_gralloc( 5483): register: id=2a90000156e, handle=0xb400006f4ec84800, importpid=5483
D/mali_gralloc( 5483): unregister: id=2a90000156e, handle=0xb400006f4ec84800, base=0x0, importpid=5483, clone_count=2
D/mali_gralloc( 5483): register: id=2a90000157b, handle=0xb400006f4ec848e0, importpid=5483
D/mali_gralloc( 5483): register: id=2a900001578, handle=0xb400006f4ec84720, importpid=5483
D/mali_gralloc( 5483): register: id=2a90000157c, handle=0xb400006f4ec849c0, importpid=5483
D/mali_gralloc( 5483): register: id=2a90000157d, handle=0xb400006f4ec84aa0, importpid=5483
D/mali_gralloc( 5483): register: id=2a90000157b, handle=0xb400006f4ec84b80, importpid=5483
D/mali_gralloc( 5483): register: id=2a900001579, handle=0xb400006f4ec84c60, importpid=5483
D/mali_gralloc( 5483): register: id=2a90000157e, handle=0xb400006f4ec84d40, importpid=5483
D/mali_gralloc( 5483): register: id=2a900001575, handle=0xb400006f4ec84e20, importpid=5483
D/mali_gralloc( 5483): register: id=2a90000157f, handle=0xb400006f4ec84fe0, importpid=5483
D/mali_gralloc( 5483): register: id=2a90000157d, handle=0xb400006f4ec84f00, importpid=5483
D/mali_gralloc( 5483): register: id=2a900001580, handle=0xb400006f4ec850c0, importpid=5483
D/mali_gralloc( 5483): register: id=2a90000157f, handle=0xb400006f4ec851a0, importpid=5483
D/mali_gralloc( 5483): register: id=2a900001581, handle=0xb400006f4ec85280, importpid=5483
D/mali_gralloc( 5483): register: id=2a90000157e, handle=0xb400006f4ec85360, importpid=5483
D/mali_gralloc( 5483): register: id=2a900001582, handle=0xb400006f4ec84480, importpid=5483
D/mali_gralloc( 5483): register: id=2a900001581, handle=0xb400006f4ec85440, importpid=5483
D/mali_gralloc( 5483): register: id=2a900001583, handle=0xb400006f4ec85600, importpid=5483
D/mali_gralloc( 5483): register: id=2a90000157a, handle=0xb400006f4ec856e0, importpid=5483
I/DMCodecAdapterFactory( 5483): Creating an asynchronous MediaCodec adapter for track type audio
D/MediaCodec( 5483): CreateByComponentName: name c2.android.aac.decoder
D/MediaCodec( 5483): [0xb4000067dbb70000] setState: 1
D/CCodec  ( 5483): allocate(c2.android.aac.decoder)
I/Codec2-HalSelection( 5483): selection: hidl
I/CCodec  ( 5483): setting up 'default' as default (vendor) store
I/CCodec  ( 5483): Created component [c2.android.aac.decoder]
D/CCodecConfig( 5483): read media type: audio/mp4a-latm
D/ReflectedParamUpdater( 5483): extent() != 1 for single value type: algo.buffers.max-count.values
D/ReflectedParamUpdater( 5483): extent() != 1 for single value type: output.subscribed-indices.values
D/ReflectedParamUpdater( 5483): extent() != 1 for single value type: input.buffers.allocator-ids.values
D/ReflectedParamUpdater( 5483): extent() != 1 for single value type: output.buffers.allocator-ids.values
D/ReflectedParamUpdater( 5483): extent() != 1 for single value type: algo.buffers.allocator-ids.values
D/ReflectedParamUpdater( 5483): extent() != 1 for single value type: output.buffers.pool-ids.values
D/ReflectedParamUpdater( 5483): extent() != 1 for single value type: algo.buffers.pool-ids.values
I/CCodecConfig( 5483): query failed after returning 21 values (BAD_INDEX)
D/CCodecConfig( 5483): c2 config diff is Dict {
D/CCodecConfig( 5483):   c2::u32 coded.aac-packaging.value = 0
D/CCodecConfig( 5483):   c2::u32 coded.bitrate.value = 64000
D/CCodecConfig( 5483):   c2::u32 coded.pl.level = 0
D/CCodecConfig( 5483):   c2::u32 coded.pl.profile = 8192
D/CCodecConfig( 5483):   c2::i32 coding.drc.album-mode.value = 0
D/CCodecConfig( 5483):   c2::float coding.drc.attenuation-factor.value = 1
D/CCodecConfig( 5483):   c2::float coding.drc.boost-factor.value = 1
D/CCodecConfig( 5483):   c2::i32 coding.drc.compression-mode.value = 3
D/CCodecConfig( 5483):   c2::i32 coding.drc.effect-type.value = 3
D/CCodecConfig( 5483):   c2::float coding.drc.encoded-level.value = 0.25
D/CCodecConfig( 5483):   c2::float coding.drc.reference-level.value = -16
D/CCodecConfig( 5483):   c2::u32 input.buffers.max-size.value = 8192
D/CCodecConfig( 5483):   c2::u32 input.delay.value = 0
D/CCodecConfig( 5483):   string input.media-type.value = "audio/mp4a-latm"
D/CCodecConfig( 5483):   c2::u32 output.delay.value = 2
D/CCodecConfig( 5483):   c2::float output.drc.output-loudness.value = 0.25
D/CCodecConfig( 5483):   c2::u32 output.large-frame.max-size = 0
D/CCodecConfig( 5483):   c2::u32 output.large-frame.threshold-size = 0
D/CCodecConfig( 5483):   string output.media-type.value = "audio/raw"
D/CCodecConfig( 5483):   c2::u32 raw.channel-count.value = 1
D/CCodecConfig( 5483):   c2::u32 raw.channel-mask.value = 0
D/CCodecConfig( 5483):   c2::u32 raw.max-channel-count.value = 8
D/CCodecConfig( 5483):   c2::u32 raw.sample-rate.value = 44100
D/CCodecConfig( 5483): }
D/MediaCodec( 5483): [0xb4000067dbb70000] setState: 2
I/MediaCodec( 5483): MediaCodec will operate in async mode
D/MediaCodec( 5483): [0xb4000067dbb70000] [c2.android.aac.decoder] configure
D/MediaCodec( 5483): [0xb4000067dbb70000] setState: 3
D/CCodec  ( 5483): [c2.android.aac.decoder] buffers are bound to CCodec for this session
D/CCodecConfig( 5483): no c2 equivalents for log-session-id
D/CCodecConfig( 5483): no c2 equivalents for importance
D/CCodecConfig( 5483): no c2 equivalents for flags
D/CCodecConfig( 5483): c2 config diff is   c2::u32 raw.channel-count.value = 2
W/Codec2Client( 5483): query -- param skipped: index = 1107298332.
D/CCodec  ( 5483): encoding statistics level = 0
D/CCodec  ( 5483): setup formats input: AMessage(what = 0x00000000) = {
D/CCodec  ( 5483):   int32_t aac-drc-album-mode = 0
D/CCodec  ( 5483):   int32_t aac-drc-boost-level = 127
D/CCodec  ( 5483):   int32_t aac-drc-cut-level = 127
D/CCodec  ( 5483):   int32_t aac-drc-effect-type = 3
D/CCodec  ( 5483):   int32_t aac-encoded-target-level = -1
D/CCodec  ( 5483):   int32_t aac-max-output-channel_count = 8
D/CCodec  ( 5483):   int32_t aac-target-ref-level = 64
D/CCodec  ( 5483):   int32_t bitrate = 64000
D/CCodec  ( 5483):   int32_t channel-count = 2
D/CCodec  ( 5483):   int32_t channel-mask = 0
D/CCodec  ( 5483):   int32_t level = 0
D/CCodec  ( 5483):   int32_t max-input-size = 8192
D/CCodec  ( 5483):   int32_t max-output-channel-count = 8
D/CCodec  ( 5483):   string mime = "audio/mp4a-latm"
D/CCodec  ( 5483):   int32_t profile = 2
D/CCodec  ( 5483):   int32_t sample-rate = 44100
D/CCodec  ( 5483): }
D/CCodec  ( 5483): setup formats output: AMessage(what = 0x00000000) = {
D/CCodec  ( 5483):   int32_t aac-drc-album-mode = 0
D/CCodec  ( 5483):   int32_t aac-drc-boost-level = 127
D/CCodec  ( 5483):   int32_t aac-drc-cut-level = 127
D/CCodec  ( 5483):   int32_t aac-drc-effect-type = 3
D/CCodec  ( 5483):   int32_t aac-drc-output-loudness = -1
D/CCodec  ( 5483):   int32_t aac-encoded-target-level = -1
D/CCodec  ( 5483):   int32_t aac-max-output-channel_count = 8
D/CCodec  ( 5483):   int32_t aac-target-ref-level = 64
D/CCodec  ( 5483):   int32_t buffer-batch-max-output-size = 0
D/CCodec  ( 5483):   int32_t buffer-batch-threshold-output-size = 0
D/CCodec  ( 5483):   int32_t channel-count = 2
D/CCodec  ( 5483):   int32_t channel-mask = 0
D/CCodec  ( 5483):   int32_t max-output-channel-count = 8
D/CCodec  ( 5483):   string mime = "audio/raw"
D/CCodec  ( 5483):   int32_t sample-rate = 44100
D/CCodec  ( 5483):   int32_t android._config-pcm-encoding = 2
D/CCodec  ( 5483): }
I/CCodecConfig( 5483): query failed after returning 21 values (BAD_INDEX)
D/MediaCodec( 5483): [0xb4000067dbb70000] setState: 4
D/MediaCodec( 5483): keep callback message for reclaim
D/MediaCodec( 5483): [0xb4000067dbb70000] setState: 5
W/AString ( 5483): ctor got NULL, using empty string instead
W/Codec2Client( 5483): query -- param skipped: index = 1342179345.
W/Codec2Client( 5483): query -- param skipped: index = 2415921170.
W/Codec2Client( 5483): query -- param skipped: index = 1610614798.
D/BufferPoolAccessor2.0( 5483): bufferpool2 0xb400006f4e2d6428 : 0(0 size) total buffers - 0(0 size) used buffers - 21/27 (recycle/alloc) - 6/27 (fetch/transfer)
D/BufferPoolAccessor2.0( 5483): bufferpool2 0xb400006f4e2d6c28 : 4(4194304 size) total buffers - 4(4194304 size) used buffers - 14/19 (recycle/alloc) - 5/19 (fetch/transfer)
D/CCodecBufferChannel( 5483): [c2.android.aac.decoder#61] Created input block pool with allocatorID 16 => poolID 29 - OK (0)
I/CCodecBufferChannel( 5483): [c2.android.aac.decoder#61] Created output block pool with allocatorID 16 => poolID 354 - OK
D/CCodecBufferChannel( 5483): [c2.android.aac.decoder#61] Configured output block pool ids 354 => OK
D/MediaCodec( 5483): [0xb4000067dbb70000] setState: 6
I/DMCodecAdapterFactory( 5483): Creating an asynchronous MediaCodec adapter for track type video
D/MediaCodec( 5483): CreateByComponentName: name c2.unisoc.vp9.decoder
D/MediaCodec( 5483): [0xb400006f24f3d800] setState: 1
D/CCodec  ( 5483): allocate(c2.unisoc.vp9.decoder)
I/Codec2-HalSelection( 5483): selection: hidl
I/DMCodecAdapterFactory( 5483): Creating an asynchronous MediaCodec adapter for track type audio
D/MediaCodec( 5483): CreateByComponentName: name c2.android.aac.decoder
I/CCodec  ( 5483): setting up 'default' as default (vendor) store
D/MediaCodec( 5483): [0xb4000067dbb71800] setState: 1
D/CCodec  ( 5483): allocate(c2.android.aac.decoder)
I/Codec2-HalSelection( 5483): selection: hidl
I/PlayCore( 5483): UID: [10508]  PID: [5483] PrewarmService : prewarm(badmuscodehive.appldq)
I/PlayCore( 5483): UID: [10508]  PID: [5483] PrewarmService : Initiate binding to the service.
I/CCodec  ( 5483): setting up 'default' as default (vendor) store
D/CCodecConfig( 5483): c2 config diff is   c2::u32 raw.channel-mask.value = 12
D/CCodecBuffers( 5483): [c2.android.aac.decoder#61:Output[N]] popFromStashAndRegister: at 1000000000000us, output format changed to AMessage(what = 0x00000000) = {
D/CCodecBuffers( 5483):   int32_t aac-drc-album-mode = 0
D/CCodecBuffers( 5483):   int32_t aac-drc-boost-level = 127
D/CCodecBuffers( 5483):   int32_t aac-drc-cut-level = 127
D/CCodecBuffers( 5483):   int32_t aac-drc-effect-type = 3
D/CCodecBuffers( 5483):   int32_t aac-drc-output-loudness = -1
D/CCodecBuffers( 5483):   int32_t aac-encoded-target-level = -1
D/CCodecBuffers( 5483):   int32_t aac-max-output-channel_count = 8
D/CCodecBuffers( 5483):   int32_t aac-target-ref-level = 64
D/CCodecBuffers( 5483):   int32_t buffer-batch-max-output-size = 0
D/CCodecBuffers( 5483):   int32_t buffer-batch-threshold-output-size = 0
D/CCodecBuffers( 5483):   int32_t channel-count = 2
D/CCodecBuffers( 5483):   int32_t channel-mask = 12
D/CCodecBuffers( 5483):   int32_t max-output-channel-count = 8
D/CCodecBuffers( 5483):   string mime = "audio/raw"
D/CCodecBuffers( 5483):   int32_t sample-rate = 44100
D/CCodecBuffers( 5483):   int32_t android._config-pcm-encoding = 2
D/CCodecBuffers( 5483): }
I/CCodec  ( 5483): Created component [c2.unisoc.vp9.decoder]
D/CCodecConfig( 5483): read media type: video/x-vnd.on2.vp9
I/PlayCore( 5483): UID: [10508]  PID: [5483] PrewarmService : ServiceConnectionImpl.onServiceConnected(ComponentInfo{com.android.vending/com.google.android.finsky.prewarmservice.PrewarmService})
I/PlayCore( 5483): UID: [10508]  PID: [5483] PrewarmService : linkToDeath
D/ReflectedParamUpdater( 5483): extent() != 1 for single value type: algo.buffers.max-count.values
D/ReflectedParamUpdater( 5483): extent() != 1 for single value type: output.subscribed-indices.values
D/ReflectedParamUpdater( 5483): extent() != 1 for single value type: input.buffers.allocator-ids.values
D/ReflectedParamUpdater( 5483): extent() != 1 for single value type: output.buffers.allocator-ids.values
D/ReflectedParamUpdater( 5483): extent() != 1 for single value type: algo.buffers.allocator-ids.values
D/ReflectedParamUpdater( 5483): extent() != 1 for single value type: output.buffers.pool-ids.values
D/ReflectedParamUpdater( 5483): extent() != 1 for single value type: algo.buffers.pool-ids.values
I/CCodec  ( 5483): Created component [c2.android.aac.decoder]
D/CCodecConfig( 5483): read media type: audio/mp4a-latm
D/ReflectedParamUpdater( 5483): ignored struct field coded.color-format.locations
D/ReflectedParamUpdater( 5483): extent() != 1 for single value type: algo.buffers.max-count.values
D/CCodecConfig( 5483): ignoring local param raw.size (0xd2001800) as it is already supported
D/CCodecConfig( 5483): ignoring local param default.color (0x5200180b) as it is already supported
D/CCodecConfig( 5483): ignoring local param raw.hdr-static-info (0xd200180a) as it is already supported
D/ReflectedParamUpdater( 5483): extent() != 1 for single value type: output.subscribed-indices.values
D/ReflectedParamUpdater( 5483): extent() != 1 for single value type: input.buffers.allocator-ids.values
D/ReflectedParamUpdater( 5483): extent() != 1 for single value type: output.buffers.allocator-ids.values
D/ReflectedParamUpdater( 5483): extent() != 1 for single value type: algo.buffers.allocator-ids.values
I/CCodecConfig( 5483): query failed after returning 17 values (BAD_INDEX)
D/ReflectedParamUpdater( 5483): extent() != 1 for single value type: output.buffers.pool-ids.values
D/CCodecConfig( 5483): c2 config diff is Dict {
D/CCodecConfig( 5483):   c2::i32 algo.priority.value = -1
D/CCodecConfig( 5483):   c2::float algo.rate.value = -1
D/CCodecConfig( 5483):   c2::u32 coded.pl.level = 28678
D/CCodecConfig( 5483):   c2::u32 coded.pl.profile = 28672
D/CCodecConfig( 5483):   c2::u32 coded.vui.color.matrix = 0
D/CCodecConfig( 5483):   c2::u32 coded.vui.color.primaries = 0
D/CCodecConfig( 5483):   c2::u32 coded.vui.color.range = 0
D/CCodecConfig( 5483):   c2::u32 coded.vui.color.transfer = 0
D/CCodecConfig( 5483):   c2::u32 default.color.matrix = 0
D/CCodecConfig( 5483):   c2::u32 default.color.primaries = 0
D/CCodecConfig( 5483):   c2::u32 default.color.range = 0
D/CCodecConfig( 5483):   c2::u32 default.color.transfer = 0
D/CCodecConfig( 5483):   c2::u32 input.buffers.max-size.value = 1048576
D/CCodecConfig( 5483):   c2::u32 input.delay.value = 0
D/CCodecConfig( 5483):   Buffer input.hdr10-plus-info.value = {
D/CCodecConfig( 5483):   }
D/CCodecConfig( 5483):   string input.media-type.value = "video/x-vnd.on2.vp9"
D/CCodecConfig( 5483):   c2::u32 output.delay.value = 8
D/CCodecConfig( 5483):   Buffer output.hdr10-plus-info.value = {
D/CCodecConfig( 5483):   }
D/CCodecConfig( 5483):   string output.media-type.value = "video/raw"
D/CCodecConfig( 5483):   c2::u32 raw.color.matrix = 0
D/CCodecConfig( 5483):   c2::u32 raw.color.primaries = 0
D/CCodecConfig( 5483):   c2::u32 raw.color.range = 0
D/CCodecConfig( 5483):   c2::u32 raw.color.transfer = 0
D/CCodecConfig( 5483):   c2::float raw.hdr-static-info.mastering.blue.x = 0
D/CCodecConfig( 5483):   c2::float raw.hdr-static-info.mastering.blue.y = 0
D/CCodecConfig( 5483):   c2::float raw.hdr-stat
D/ReflectedParamUpdater( 5483): extent() != 1 for single value type: algo.buffers.pool-ids.values
W/ColorUtils( 5483): expected specified color aspects (0:0:0:0)
D/MediaCodec( 5483): [0xb400006f24f3d800] setState: 2
I/MediaCodec( 5483): MediaCodec will operate in async mode
D/MediaCodec( 5483): [0xb400006f24f3d800] [c2.unisoc.vp9.decoder] configure
I/MediaCodec( 5483): pkgName_codec:badmuscodehive.appldq
D/SurfaceUtils( 5483): connecting to surface 0xb400006f24e00810, reason connectToSurface
I/MediaCodec( 5483): [c2.unisoc.vp9.decoder] setting surface generation to 5614601
D/SurfaceUtils( 5483): disconnecting from surface 0xb400006f24e00810, reason connectToSurface(reconnect)
I/CCodecConfig( 5483): query failed after returning 21 values (BAD_INDEX)
D/CCodecConfig( 5483): c2 config diff is Dict {
D/CCodecConfig( 5483):   c2::u32 coded.aac-packaging.value = 0
D/CCodecConfig( 5483):   c2::u32 coded.bitrate.value = 64000
D/CCodecConfig( 5483):   c2::u32 coded.pl.level = 0
D/CCodecConfig( 5483):   c2::u32 coded.pl.profile = 8192
D/CCodecConfig( 5483):   c2::i32 coding.drc.album-mode.value = 0
D/CCodecConfig( 5483):   c2::float coding.drc.attenuation-factor.value = 1
D/CCodecConfig( 5483):   c2::float coding.drc.boost-factor.value = 1
D/CCodecConfig( 5483):   c2::i32 coding.drc.compression-mode.value = 3
D/CCodecConfig( 5483):   c2::i32 coding.drc.effect-type.value = 3
D/CCodecConfig( 5483):   c2::float coding.drc.encoded-level.value = 0.25
D/CCodecConfig( 5483):   c2::float coding.drc.reference-level.value = -16
D/CCodecConfig( 5483):   c2::u32 input.buffers.max-size.value = 8192
D/CCodecConfig( 5483):   c2::u32 input.delay.value = 0
D/CCodecConfig( 5483):   string input.media-type.value = "audio/mp4a-latm"
D/CCodecConfig( 5483):   c2::u32 output.delay.value = 2
D/CCodecConfig( 5483):   c2::float output.drc.output-loudness.value = 0.25
D/CCodecConfig( 5483):   c2::u32 output.large-frame.max-size = 0
D/CCodecConfig( 5483):   c2::u32 output.large-frame.threshold-size = 0
D/CCodecConfig( 5483):   string output.media-type.value = "audio/raw"
D/CCodecConfig( 5483):   c2::u32 raw.channel-count.value = 1
D/CCodecConfig( 5483):   c2::u32 raw.channel-mask.value = 0
D/CCodecConfig( 5483):   c2::u32 raw.max-channel-count.value = 8
D/CCodecConfig( 5483):   c2::u32 raw.sample-rate.value = 44100
D/CCodecConfig( 5483): }
D/SurfaceUtils( 5483): connecting to surface 0xb400006f24e00800, reason connectToSurface(reconnect-with-listener)
D/MediaCodec( 5483): [0xb4000067dbb71800] setState: 2
D/MediaCodec( 5483): [0xb400006f24f3d800] setState: 3
D/CCodec  ( 5483): [c2.unisoc.vp9.decoder] buffers are bound to CCodec for this session
D/CCodecConfig( 5483): no c2 equivalents for log-session-id
D/CCodecConfig( 5483): no c2 equivalents for importance
D/CCodecConfig( 5483): no c2 equivalents for color-standard
D/CCodecConfig( 5483): no c2 equivalents for native-window
D/CCodecConfig( 5483): no c2 equivalents for native-window-generation
D/CCodecConfig( 5483): no c2 equivalents for flags
I/MediaCodec( 5483): MediaCodec will operate in async mode
D/MediaCodec( 5483): [0xb4000067dbb71800] [c2.android.aac.decoder] configure
D/MediaCodec( 5483): [0xb4000067dbb71800] setState: 3
D/CCodec  ( 5483): [c2.android.aac.decoder] buffers are bound to CCodec for this session
D/CCodecConfig( 5483): c2 config diff is   c2::i32 algo.priority.value = 0
D/CCodecConfig( 5483):   c2::u32 default.color.matrix = 1
D/CCodecConfig( 5483):   c2::u32 default.color.primaries = 1
D/CCodecConfig( 5483):   c2::u32 default.color.range = 2
D/CCodecConfig( 5483):   c2::u32 default.color.transfer = 3
D/CCodecConfig( 5483):   c2::u32 raw.max-size.height = 1280
D/CCodecConfig( 5483):   c2::u32 raw.max-size.width = 720
D/CCodecConfig( 5483):   c2::u32 raw.size.height = 1280
D/CCodecConfig( 5483):   c2::u32 raw.size.width = 720
D/CCodecConfig( 5483): no c2 equivalents for log-session-id
D/CCodecConfig( 5483): no c2 equivalents for importance
D/CCodecConfig( 5483): no c2 equivalents for flags
I/CCodecImpl( 5483): set scene mode: 0x20, ProcName:badmuscodehive.appldq
D/CCodecConfig( 5483): c2 config diff is   c2::u32 raw.channel-count.value = 2
D/CCodecConfig( 5483): c2 config diff is   c2::u64 vendor.coding.scene-mode.value = 32
W/Codec2Client( 5483): query -- param skipped: index = 1107298332.
D/CCodec  ( 5483): encoding statistics level = 0
D/CCodec  ( 5483): setup formats input: AMessage(what = 0x00000000) = {
D/CCodec  ( 5483):   int32_t aac-drc-album-mode = 0
D/CCodec  ( 5483):   int32_t aac-drc-boost-level = 127
D/CCodec  ( 5483):   int32_t aac-drc-cut-level = 127
D/CCodec  ( 5483):   int32_t aac-drc-effect-type = 3
D/CCodec  ( 5483):   int32_t aac-encoded-target-level = -1
D/CCodec  ( 5483):   int32_t aac-max-output-channel_count = 8
D/CCodec  ( 5483):   int32_t aac-target-ref-level = 64
D/CCodec  ( 5483):   int32_t bitrate = 64000
D/CCodec  ( 5483):   int32_t channel-count = 2
D/CCodec  ( 5483):   int32_t channel-mask = 0
D/CCodec  ( 5483):   int32_t level = 0
D/CCodec  ( 5483):   int32_t max-input-size = 8192
D/CCodec  ( 5483):   int32_t max-output-channel-count = 8
D/CCodec  ( 5483):   string mime = "audio/mp4a-latm"
D/CCodec  ( 5483):   int32_t profile = 2
D/CCodec  ( 5483):   int32_t sample-rate = 44100
D/CCodec  ( 5483): }
D/CCodec  ( 5483): setup formats output: AMessage(what = 0x00000000) = {
D/CCodec  ( 5483):   int32_t aac-drc-album-mode = 0
D/CCodec  ( 5483):   int32_t aac-drc-boost-level = 127
D/CCodec  ( 5483):   int32_t aac-drc-cut-level = 127
D/CCodec  ( 5483):   int32_t aac-drc-effect-type = 3
D/CCodec  ( 5483):   int32_t aac-drc-output-loudness = -1
D/CCodec  ( 5483):   int32_t aac-encoded-target-level = -1
D/CCodec  ( 5483):   int32_t aac-max-output-channel_count = 8
D/CCodec  ( 5483):   int32_t aac-target-ref-level = 64
D/CCodec  ( 5483):   int32_t buffer-batch-max-output-size = 0
D/CCodec  ( 5483):   int32_t buffer-batch-threshold-output-size = 0
D/CCodec  ( 5483):   int32_t channel-count = 2
D/CCodec  ( 5483):   int32_t channel-mask = 0
D/CCodec  ( 5483):   int32_t max-output-channel-count = 8
D/CCodec  ( 5483):   string mime = "audio/raw"
D/CCodec  ( 5483):   int32_t sample-rate = 44100
D/CCodec  ( 5483):   int32_t android._config-pcm-encoding = 2
D/CCodec  ( 5483): }
I/CCodecConfig( 5483): query failed after returning 21 values (BAD_INDEX)
D/MediaCodec( 5483): [0xb4000067dbb71800] setState: 4
D/MediaCodec( 5483): keep callback message for reclaim
D/MediaCodec( 5483): [0xb4000067dbb71800] setState: 5
W/AString ( 5483): ctor got NULL, using empty string instead
D/CCodecConfig( 5483): c2 config diff is   c2::i32 vendor.coding.transform.value = 0
W/Codec2Client( 5483): query -- param skipped: index = 1342179345.
W/Codec2Client( 5483): query -- param skipped: index = 2415921170.
W/Codec2Client( 5483): query -- param skipped: index = 1610614798.
W/Codec2Client( 5483): query -- param skipped: index = 1107298332.
D/CCodec  ( 5483): client requested max input size 345600, which is smaller than what component recommended (1048576); overriding with component recommendation.
W/CCodec  ( 5483): This behavior is subject to change. It is recommended that app developers double check whether the requested max input size is in reasonable range.
D/CCodec  ( 5483): encoding statistics level = 0
D/CCodec  ( 5483): setup formats input: AMessage(what = 0x00000000) = {
D/CCodec  ( 5483):   int32_t height = 1280
D/CCodec  ( 5483):   int32_t level = 64
D/CCodec  ( 5483):   int32_t max-input-size = 1048576
D/CCodec  ( 5483):   string mime = "video/x-vnd.on2.vp9"
D/CCodec  ( 5483):   int32_t priority = 0
D/CCodec  ( 5483):   int32_t profile = 1
D/CCodec  ( 5483):   int32_t width = 720
D/CCodec  ( 5483):   Rect crop(0, 0, 719, 1279)
D/CCodec  ( 5483):   int32_t vendor.coding.transform.value = 0
D/CCodec  ( 5483): }
D/CCodec  ( 5483): setup formats output: AMessage(what = 0x00000000) = {
D/CCodec  ( 5483):   int32_t android._color-format = 2135033992
D/CCodec  ( 5483):   int32_t android._video-scaling = 1
D/CCodec  ( 5483):   int32_t android._dataspace = 260
D/CCodec  ( 5483):   int32_t color-standard = 1
D/CCodec  ( 5483):   int32_t color-range = 2
D/CCodec  ( 5483):   int32_t color-transfer = 3
D/CCodec  ( 5483):   int32_t sar-height = 1
D/CCodec  ( 5483):   int32_t rotation-degrees = 0
D/CCodec  ( 5483):   Buffer hdr-static-info = {
D/CCodec  ( 5483):     00000000:  00 00 00 00 00 00 00 00  00 00 00 00 00 00 00 00  ................
D/CCodec  ( 5483):     00000010:  00 00 00 00 00 00 00 00  00                       .........
D/CCodec  ( 5483):   }
D/CCodec  ( 5483):   int32_t sar-width = 1
D/CCodec  ( 5483):   Rect crop(0, 0, 719, 1279)
D/CCodec  ( 5483):   int32_t width = 720
D/CCodec  ( 5483):   Buffer hdr10-plus-info = {
D/CCodec  ( 5483):   }
D/CCodec  ( 5483):   int32_t height = 1280
D/CCodec  ( 5483):   int32_t max-height = 1280
D/CCodec  ( 5483):   int32_t max-width = 720
D/CCodec  ( 5483):   string mime = "video/raw"
D/CCodec  ( 5483):   int32_t priority = 0
D/CCodec  ( 5483):   int64_t vendor.coding.scene-mode.value = 32
D/CCodec  ( 5483):   int32_t color-format = 2130708361
D/CCodec  ( 5483): }
I/CCodecConfig( 5483): query failed after returning 19 values (BAD_INDEX)
D/CCodecConfig( 5483): c2 config diff is   c2::u32 raw.color.matrix = 1
D/CCodecConfig( 5483):   c2::u32 raw.color.primaries = 1
D/CCodecConfig( 5483):   c2::u32 raw.color.range = 2
D/CCodecConfig( 5483):   c2::u32 raw.color.transfer = 3
D/MediaCodec( 5483): [0xb400006f24f3d800] setState: 4
I/DMCodecAdapterFactory( 5483): Creating an asynchronous MediaCodec adapter for track type audio
D/MediaCodec( 5483): keep callback message for reclaim
D/MediaCodec( 5483): CreateByComponentName: name c2.android.aac.decoder
D/MediaCodec( 5483): [0xb400006f24f3d800] setState: 5
D/SSenseEx( 5483): report data to the sprdssense service,---start
D/CCodecBufferChannel( 5483): [c2.android.aac.decoder#626] Created input block pool with allocatorID 16 => poolID 30 - OK (0)
W/Codec2Client( 5483): query -- param skipped: index = 1342179345.
W/Codec2Client( 5483): query -- param skipped: index = 2415921170.
W/Codec2Client( 5483): query -- param skipped: index = 1610614798.
W/Codec2Client( 5483): query -- param skipped: index = 2684356609.
D/MediaCodec( 5483): [0xb400006f061ff000] setState: 1
D/CCodecBufferChannel( 5483): [c2.unisoc.vp9.decoder#50] Created input block pool with allocatorID 16 => poolID 31 - OK (0)
D/CCodec  ( 5483): allocate(c2.android.aac.decoder)
D/CCodecBufferChannel( 5483): [c2.unisoc.vp9.decoder#50] Query output surface allocator returned 0 params => BAD_INDEX (6)
I/Codec2-HalSelection( 5483): selection: hidl
I/CCodecBufferChannel( 5483): [c2.android.aac.decoder#626] Created output block pool with allocatorID 16 => poolID 356 - OK
I/CCodecBufferChannel( 5483): [c2.unisoc.vp9.decoder#50] Created output block pool with allocatorID 18 => poolID 155 - OK
D/CCodecBufferChannel( 5483): [c2.android.aac.decoder#626] Configured output block pool ids 356 => OK
D/CCodecBufferChannel( 5483): [c2.unisoc.vp9.decoder#50] Configured output block pool ids 155 => OK
D/Codec2-OutputBufferQueue( 5483): remote graphic buffer migration 0/0
D/Codec2Client( 5483): setOutputSurface -- failed to set consumer usage (6/BAD_INDEX)
D/Codec2Client( 5483): setOutputSurface -- generation=5614601 consumer usage=0x900
D/mali_gralloc( 5483): register: id=2a900001584, handle=0xb400006f252a51c0, importpid=5483
D/mali_gralloc( 5483): unregister: id=2a900001584, handle=0xb400006f252a51c0, base=0x0, importpid=5483, clone_count=0
D/Codec2Client( 5483): Surface configure completed
I/CCodec  ( 5483): setting up 'default' as default (vendor) store
D/MediaCodec( 5483): [0xb4000067dbb71800] setState: 6
D/MediaCodec( 5483): [0xb400006f24f3d800] setState: 6
I/CCodec  ( 5483): Created component [c2.android.aac.decoder]
D/CCodecConfig( 5483): read media type: audio/mp4a-latm
D/mali_gralloc( 5483): register: id=2a900001585, handle=0xb400006f252a5b60, importpid=5483
D/mali_gralloc( 5483): register: id=2a900001586, handle=0xb400006f252a5700, importpid=5483
I/AudioTrack( 5483): set(): streamType -1, sampleRate 44100, format 0x1, channelMask 0x3, frameCount 14176, flags 0, notificationFrames 0, sessionId 1201, transferType 3, uid 10508, pid 5483, packageName badmuscodehive.appldq
I/DMCodecAdapterFactory( 5483): Creating an asynchronous MediaCodec adapter for track type video
D/AudioTrack( 5483): set() fadeEnabled:1, isWhiteApp: 0
D/AudioTrack( 5483): set(): Building AudioTrack with attributes: usage=1 content=0 flags=0xa00 tags=[]
D/MediaCodec( 5483): CreateByComponentName: name c2.unisoc.vp9.decoder
D/CCodecBufferChannel( 5483): [c2.unisoc.vp9.decoder#50] Ignoring stale input buffer done callback: last flush index = 0, frameIndex = 0
D/mali_gralloc( 5483): register: id=2a900001587, handle=0xb400006f252a5e00, importpid=5483
D/ReflectedParamUpdater( 5483): extent() != 1 for single value type: algo.buffers.max-count.values
D/mali_gralloc( 5483): register: id=2a900001585, handle=0xb400006f252a5ee0, importpid=5483
D/ReflectedParamUpdater( 5483): extent() != 1 for single value type: output.subscribed-indices.values
D/MediaCodec( 5483): [0xb400006f06200800] setState: 1
D/CCodec  ( 5483): allocate(c2.unisoc.vp9.decoder)
I/Codec2-HalSelection( 5483): selection: hidl
D/CCodecConfig( 5483): c2 config diff is   c2::u32 raw.crop.height = 1280
D/CCodecConfig( 5483):   c2::u32 raw.crop.left = 0
D/CCodecConfig( 5483):   c2::u32 raw.crop.top = 0
D/CCodecConfig( 5483):   c2::u32 raw.crop.width = 720
D/ReflectedParamUpdater( 5483): extent() != 1 for single value type: input.buffers.allocator-ids.values
D/mali_gralloc( 5483): register: id=2a900001588, handle=0xb400006f252a6180, importpid=5483
D/mali_gralloc( 5483): register: id=2a900001587, handle=0xb400006f252a6260, importpid=5483
D/AudioTrack( 5483): set(), create sync notify, streamType 3
D/AudioNotifyPnp( 5483): createAudioNotify()
D/codehive.appldq( 5483): createAudioNotifyPnpFactory(), create unisoc AudioNotifyPnpInterface 0xb400006f061bf060
D/ReflectedParamUpdater( 5483): extent() != 1 for single value type: output.buffers.allocator-ids.values
D/mali_gralloc( 5483): register: id=2a900001589, handle=0xb400006f252a6500, importpid=5483
D/ReflectedParamUpdater( 5483): extent() != 1 for single value type: algo.buffers.allocator-ids.values
D/mali_gralloc( 5483): register: id=2a90000158a, handle=0xb400006f252a5fc0, importpid=5483
D/ReflectedParamUpdater( 5483): extent() != 1 for single value type: output.buffers.pool-ids.values
I/CCodec  ( 5483): setting up 'default' as default (vendor) store
D/ReflectedParamUpdater( 5483): extent() != 1 for single value type: algo.buffers.pool-ids.values
D/AudioNotifyPnp( 5483): checkWriterThreadName(), notify start to pnp, mWriterTid 7023, name ExoPlayer:Playb
I/CCodec  ( 5483): Created component [c2.unisoc.vp9.decoder]
D/CCodecConfig( 5483): read media type: video/x-vnd.on2.vp9
D/ReflectedParamUpdater( 5483): extent() != 1 for single value type: algo.buffers.max-count.values
D/ReflectedParamUpdater( 5483): extent() != 1 for single value type: output.subscribed-indices.values
D/ReflectedParamUpdater( 5483): extent() != 1 for single value type: input.buffers.allocator-ids.values
I/CCodecConfig( 5483): query failed after returning 21 values (BAD_INDEX)
D/ReflectedParamUpdater( 5483): extent() != 1 for single value type: output.buffers.allocator-ids.values
D/CCodecConfig( 5483): c2 config diff is Dict {
D/CCodecConfig( 5483):   c2::u32 coded.aac-packaging.value = 0
D/CCodecConfig( 5483):   c2::u32 coded.bitrate.value = 64000
D/CCodecConfig( 5483):   c2::u32 coded.pl.level = 0
D/CCodecConfig( 5483):   c2::u32 coded.pl.profile = 8192
D/CCodecConfig( 5483):   c2::i32 coding.drc.album-mode.value = 0
D/CCodecConfig( 5483):   c2::float coding.drc.attenuation-factor.value = 1
D/CCodecConfig( 5483):   c2::float coding.drc.boost-factor.value = 1
D/CCodecConfig( 5483):   c2::i32 coding.drc.compression-mode.value = 3
D/CCodecConfig( 5483):   c2::i32 coding.drc.effect-type.value = 3
D/CCodecConfig( 5483):   c2::float coding.drc.encoded-level.value = 0.25
D/CCodecConfig( 5483):   c2::float coding.drc.reference-level.value = -16
D/CCodecConfig( 5483):   c2::u32 input.buffers.max-size.value = 8192
D/CCodecConfig( 5483):   c2::u32 input.delay.value = 0
D/CCodecConfig( 5483):   string input.media-type.value = "audio/mp4a-latm"
D/CCodecConfig( 5483):   c2::u32 output.delay.value = 2
D/CCodecConfig( 5483):   c2::float output.drc.output-loudness.value = 0.25
D/CCodecConfig( 5483):   c2::u32 output.large-frame.max-size = 0
D/CCodecConfig( 5483):   c2::u32 output.large-frame.threshold-size = 0
D/CCodecConfig( 5483):   string output.media-type.value = "audio/raw"
D/CCodecConfig( 5483):   c2::u32 raw.channel-count.value = 1
D/CCodecConfig( 5483):   c2::u32 raw.channel-mask.value = 0
D/CCodecConfig( 5483):   c2::u32 raw.max-channel-count.value = 8
D/CCodecConfig( 5483):   c2::u32 raw.sample-rate.value = 44100
D/CCodecConfig( 5483): }
D/ReflectedParamUpdater( 5483): extent() != 1 for single value type: algo.buffers.allocator-ids.values
D/ReflectedParamUpdater( 5483): extent() != 1 for single value type: output.buffers.pool-ids.values
D/ReflectedParamUpdater( 5483): extent() != 1 for single value type: algo.buffers.pool-ids.values
D/MediaCodec( 5483): [0xb400006f061ff000] setState: 2
D/mali_gralloc( 5483): register: id=2a90000158b, handle=0xb400006f252a52a0, importpid=5483
D/mali_gralloc( 5483): register: id=2a900001588, handle=0xb400006f252a5460, importpid=5483
D/mali_gralloc( 5483): register: id=2a900001589, handle=0xb400006f252a6ce0, importpid=5483
D/mali_gralloc( 5483): register: id=2a90000158a, handle=0xb400006f252a6dc0, importpid=5483
D/mali_gralloc( 5483): register: id=2a90000158c, handle=0xb400006f252a6f80, importpid=5483
D/ReflectedParamUpdater( 5483): ignored struct field coded.color-format.locations
I/MediaCodec( 5483): MediaCodec will operate in async mode
D/MediaCodec( 5483): [0xb400006f061ff000] [c2.android.aac.decoder] configure
D/MediaCodec( 5483): [0xb400006f061ff000] setState: 3
D/CCodec  ( 5483): [c2.android.aac.decoder] buffers are bound to CCodec for this session
D/CCodecConfig( 5483): no c2 equivalents for log-session-id
D/CCodecConfig( 5483): no c2 equivalents for importance
D/CCodecConfig( 5483): no c2 equivalents for flags
D/CCodecConfig( 5483): c2 config diff is   c2::u32 raw.channel-count.value = 2
W/Codec2Client( 5483): query -- param skipped: index = 1107298332.
D/CCodec  ( 5483): encoding statistics level = 0
D/CCodec  ( 5483): setup formats input: AMessage(what = 0x00000000) = {
D/CCodec  ( 5483):   int32_t aac-drc-album-mode = 0
D/CCodec  ( 5483):   int32_t aac-drc-boost-level = 127
D/CCodec  ( 5483):   int32_t aac-drc-cut-level = 127
D/CCodec  ( 5483):   int32_t aac-drc-effect-type = 3
D/CCodec  ( 5483):   int32_t aac-encoded-target-level = -1
D/CCodec  ( 5483):   int32_t aac-max-output-channel_count = 8
D/CCodec  ( 5483):   int32_t aac-target-ref-level = 64
D/CCodec  ( 5483):   int32_t bitrate = 64000
D/CCodec  ( 5483):   int32_t channel-count = 2
D/CCodec  ( 5483):   int32_t channel-mask = 0
D/CCodec  ( 5483):   int32_t level = 0
D/CCodec  ( 5483):   int32_t max-input-size = 8192
D/CCodec  ( 5483):   int32_t max-output-channel-count = 8
D/CCodec  ( 5483):   string mime = "audio/mp4a-latm"
D/CCodec  ( 5483):   int32_t profile = 2
D/CCodec  ( 5483):   int32_t sample-rate = 44100
D/CCodec  ( 5483): }
D/CCodec  ( 5483): setup formats output: AMessage(what = 0x00000000) = {
D/CCodec  ( 5483):   int32_t aac-drc-album-mode = 0
D/CCodec  ( 5483):   int32_t aac-drc-boost-level = 127
D/CCodec  ( 5483):   int32_t aac-drc-cut-level = 127
D/CCodec  ( 5483):   int32_t aac-drc-effect-type = 3
D/CCodec  ( 5483):   int32_t aac-drc-output-loudness = -1
D/CCodec  ( 5483):   int32_t aac-encoded-target-level = -1
D/CCodec  ( 5483):   int32_t aac-max-output-channel_count = 8
D/CCodec  ( 5483):   int32_t aac-target-ref-level = 64
D/CCodec  ( 5483):   int32_t buffer-batch-max-output-size = 0
D/CCodec  ( 5483):   int32_t buffer-batch-threshold-output-size = 0
D/CCodec  ( 5483):   int32_t channel-count = 2
D/CCodec  ( 5483):   int32_t channel-mask = 0
D/CCodec  ( 5483):   int32_t max-output-channel-count = 8
D/CCodec  ( 5483):   string mime = "audio/raw"
D/CCodec  ( 5483):   int32_t sample-rate = 44100
D/CCodec  ( 5483):   int32_t android._config-pcm-encoding = 2
D/CCodec  ( 5483): }
D/CCodecConfig( 5483): ignoring local param raw.size (0xd2001800) as it is already supported
D/CCodecConfig( 5483): ignoring local param default.color (0x5200180b) as it is already supported
D/CCodecConfig( 5483): ignoring local param raw.hdr-static-info (0xd200180a) as it is already supported
I/CCodecConfig( 5483): query failed after returning 21 values (BAD_INDEX)
D/MediaCodec( 5483): [0xb400006f061ff000] setState: 4
I/CCodecConfig( 5483): query failed after returning 17 values (BAD_INDEX)
D/CCodecConfig( 5483): c2 config diff is Dict {
D/CCodecConfig( 5483):   c2::i32 algo.priority.value = -1
D/CCodecConfig( 5483):   c2::float algo.rate.value = -1
D/CCodecConfig( 5483):   c2::u32 coded.pl.level = 28678
D/CCodecConfig( 5483):   c2::u32 coded.pl.profile = 28672
D/CCodecConfig( 5483):   c2::u32 coded.vui.color.matrix = 0
D/CCodecConfig( 5483):   c2::u32 coded.vui.color.primaries = 0
D/CCodecConfig( 5483):   c2::u32 coded.vui.color.range = 0
D/CCodecConfig( 5483):   c2::u32 coded.vui.color.transfer = 0
D/CCodecConfig( 5483):   c2::u32 default.color.matrix = 0
D/CCodecConfig( 5483):   c2::u32 default.color.primaries = 0
D/CCodecConfig( 5483):   c2::u32 default.color.range = 0
D/CCodecConfig( 5483):   c2::u32 default.color.transfer = 0
D/CCodecConfig( 5483):   c2::u32 input.buffers.max-size.value = 1048576
D/CCodecConfig( 5483):   c2::u32 input.delay.value = 0
D/CCodecConfig( 5483):   Buffer input.hdr10-plus-info.value = {
D/CCodecConfig( 5483):   }
D/CCodecConfig( 5483):   string input.media-type.value = "video/x-vnd.on2.vp9"
D/CCodecConfig( 5483):   c2::u32 output.delay.value = 8
D/CCodecConfig( 5483):   Buffer output.hdr10-plus-info.value = {
D/CCodecConfig( 5483):   }
D/CCodecConfig( 5483):   string output.media-type.value = "video/raw"
D/CCodecConfig( 5483):   c2::u32 raw.color.matrix = 0
D/CCodecConfig( 5483):   c2::u32 raw.color.primaries = 0
D/CCodecConfig( 5483):   c2::u32 raw.color.range = 0
D/CCodecConfig( 5483):   c2::u32 raw.color.transfer = 0
D/CCodecConfig( 5483):   c2::float raw.hdr-static-info.mastering.blue.x = 0
D/CCodecConfig( 5483):   c2::float raw.hdr-static-info.mastering.blue.y = 0
D/CCodecConfig( 5483):   c2::float raw.hdr-stat
D/mali_gralloc( 5483): register: id=2a90000158d, handle=0xb400006f252a7220, importpid=5483
W/ColorUtils( 5483): expected specified color aspects (0:0:0:0)
D/MediaCodec( 5483): [0xb400006f06200800] setState: 2
D/mali_gralloc( 5483): register: id=2a90000158c, handle=0xb400006f252a7060, importpid=5483
D/mali_gralloc( 5483): register: id=2a90000158b, handle=0xb400006f252a7300, importpid=5483
D/MediaCodec( 5483): keep callback message for reclaim
D/MediaCodec( 5483): [0xb400006f061ff000] setState: 5
W/AString ( 5483): ctor got NULL, using empty string instead
D/mali_gralloc( 5483): register: id=2a90000158e, handle=0xb400006f252a6960, importpid=5483
I/MediaCodec( 5483): MediaCodec will operate in async mode
D/MediaCodec( 5483): [0xb400006f06200800] [c2.unisoc.vp9.decoder] configure
I/MediaCodec( 5483): pkgName_codec:badmuscodehive.appldq
D/SurfaceUtils( 5483): connecting to surface 0xb400006f05e28010, reason connectToSurface
I/MediaCodec( 5483): [c2.unisoc.vp9.decoder] setting surface generation to 5614602
D/SurfaceUtils( 5483): disconnecting from surface 0xb400006f05e28010, reason connectToSurface(reconnect)
D/SurfaceUtils( 5483): connecting to surface 0xb400006f05e28000, reason connectToSurface(reconnect-with-listener)
D/MediaCodec( 5483): [0xb400006f06200800] setState: 3
D/CCodec  ( 5483): [c2.unisoc.vp9.decoder] buffers are bound to CCodec for this session
D/TextSelection( 5483): onUseCache cache=null
D/CCodecConfig( 5483): no c2 equivalents for log-session-id
D/CCodecConfig( 5483): no c2 equivalents for importance
D/CCodecConfig( 5483): no c2 equivalents for color-standard
D/CCodecConfig( 5483): no c2 equivalents for native-window
D/CCodecConfig( 5483): no c2 equivalents for native-window-generation
D/CCodecConfig( 5483): no c2 equivalents for flags
D/mali_gralloc( 5483): register: id=2a90000158d, handle=0xb400006f252a75a0, importpid=5483
D/mali_gralloc( 5483): register: id=2a90000158f, handle=0xb400006f252a7680, importpid=5483
D/CCodecConfig( 5483): c2 config diff is   c2::i32 algo.priority.value = 0
D/CCodecConfig( 5483):   c2::u32 default.color.matrix = 1
D/CCodecConfig( 5483):   c2::u32 default.color.primaries = 1
D/CCodecConfig( 5483):   c2::u32 default.color.range = 2
D/CCodecConfig( 5483):   c2::u32 default.color.transfer = 3
D/CCodecConfig( 5483):   c2::u32 raw.max-size.height = 1280
D/CCodecConfig( 5483):   c2::u32 raw.max-size.width = 720
D/CCodecConfig( 5483):   c2::u32 raw.size.height = 1280
D/CCodecConfig( 5483):   c2::u32 raw.size.width = 720
I/CCodecImpl( 5483): set scene mode: 0x20, ProcName:badmuscodehive.appldq
D/mali_gralloc( 5483): register: id=2a90000158e, handle=0xb400006f252a7760, importpid=5483
W/Codec2Client( 5483): query -- param skipped: index = 1342179345.
W/Codec2Client( 5483): query -- param skipped: index = 2415921170.
W/Codec2Client( 5483): query -- param skipped: index = 1610614798.
D/mali_gralloc( 5483): register: id=2a900001590, handle=0xb400006f252a73e0, importpid=5483
D/CCodecConfig( 5483): c2 config diff is   c2::u64 vendor.coding.scene-mode.value = 32
D/BufferPoolAccessor2.0( 5483): bufferpool2 0xb400006fb33b3c28 : 0(0 size) total buffers - 0(0 size) used buffers - 21/27 (recycle/alloc) - 6/27 (fetch/transfer)
D/CCodecBufferChannel( 5483): [c2.android.aac.decoder#969] Created input block pool with allocatorID 16 => poolID 32 - OK (0)
I/CCodecBufferChannel( 5483): [c2.android.aac.decoder#969] Created output block pool with allocatorID 16 => poolID 358 - OK
D/CCodecConfig( 5483): c2 config diff is   c2::i32 vendor.coding.transform.value = 0
D/mali_gralloc( 5483): register: id=2a900001591, handle=0xb400006f252a7a00, importpid=5483
D/mali_gralloc( 5483): register: id=2a90000158f, handle=0xb400006f252a7ae0, importpid=5483
D/CCodecBufferChannel( 5483): [c2.android.aac.decoder#969] Configured output block pool ids 358 => OK
W/Codec2Client( 5483): query -- param skipped: index = 1107298332.
D/CCodec  ( 5483): client requested max input size 345600, which is smaller than what component recommended (1048576); overriding with component recommendation.
W/CCodec  ( 5483): This behavior is subject to change. It is recommended that app developers double check whether the requested max input size is in reasonable range.
D/CCodec  ( 5483): encoding statistics level = 0
D/CCodec  ( 5483): setup formats input: AMessage(what = 0x00000000) = {
D/CCodec  ( 5483):   int32_t height = 1280
D/CCodec  ( 5483):   int32_t level = 64
D/CCodec  ( 5483):   int32_t max-input-size = 1048576
D/CCodec  ( 5483):   string mime = "video/x-vnd.on2.vp9"
D/CCodec  ( 5483):   int32_t priority = 0
D/CCodec  ( 5483):   int32_t profile = 1
D/CCodec  ( 5483):   int32_t width = 720
D/CCodec  ( 5483):   Rect crop(0, 0, 719, 1279)
D/CCodec  ( 5483):   int32_t vendor.coding.transform.value = 0
D/CCodec  ( 5483): }
D/CCodec  ( 5483): setup formats output: AMessage(what = 0x00000000) = {
D/CCodec  ( 5483):   int32_t android._color-format = 2135033992
D/CCodec  ( 5483):   int32_t android._video-scaling = 1
D/CCodec  ( 5483):   int32_t android._dataspace = 260
D/CCodec  ( 5483):   int32_t color-standard = 1
D/CCodec  ( 5483):   int32_t color-range = 2
D/CCodec  ( 5483):   int32_t color-transfer = 3
D/CCodec  ( 5483):   int32_t sar-height = 1
D/CCodec  ( 5483):   int32_t rotation-degrees = 0
D/CCodec  ( 5483):   Buffer hdr-static-info = {
D/CCodec  ( 5483):     00000000:  00 00 00 00 00 00 00 00  00 00 00 00 00 00 00 00  ................
D/CCodec  ( 5483):     00000010:  00 00 00 00 00 00 00 00  00                       .........
D/CCodec  ( 5483):   }
D/CCodec  ( 5483):   int32_t sar-width = 1
D/CCodec  ( 5483):   Rect crop(0, 0, 719, 1279)
D/CCodec  ( 5483):   int32_t width = 720
D/CCodec  ( 5483):   Buffer hdr10-plus-info = {
D/CCodec  ( 5483):   }
D/CCodec  ( 5483):   int32_t height = 1280
D/CCodec  ( 5483):   int32_t max-height = 1280
D/CCodec  ( 5483):   int32_t max-width = 720
D/CCodec  ( 5483):   string mime = "video/raw"
D/CCodec  ( 5483):   int32_t priority = 0
D/CCodec  ( 5483):   int64_t vendor.coding.scene-mode.value = 32
D/CCodec  ( 5483):   int32_t color-format = 2130708361
D/CCodec  ( 5483): }
I/CCodecConfig( 5483): query failed after returning 19 values (BAD_INDEX)
D/CCodecConfig( 5483): c2 config diff is   c2::u32 raw.color.matrix = 1
D/CCodecConfig( 5483):   c2::u32 raw.color.primaries = 1
D/CCodecConfig( 5483):   c2::u32 raw.color.range = 2
D/CCodecConfig( 5483):   c2::u32 raw.color.transfer = 3
D/MediaCodec( 5483): [0xb400006f06200800] setState: 4
D/BufferPoolAccessor2.0( 5483): evictor expired: 2, evicted: 2
D/MediaCodec( 5483): keep callback message for reclaim
D/MediaCodec( 5483): [0xb400006f061ff000] setState: 6
D/MediaCodec( 5483): [0xb400006f06200800] setState: 5
D/SSenseEx( 5483): report data to the sprdssense service,---start
W/Codec2Client( 5483): query -- param skipped: index = 1342179345.
W/Codec2Client( 5483): query -- param skipped: index = 2415921170.
W/Codec2Client( 5483): query -- param skipped: index = 1610614798.
W/Codec2Client( 5483): query -- param skipped: index = 2684356609.
D/BufferPoolAccessor2.0( 5483): bufferpool2 0xb400006f252f1028 : 4(4194304 size) total buffers - 4(4194304 size) used buffers - 14/19 (recycle/alloc) - 5/19 (fetch/transfer)
D/CCodecBufferChannel( 5483): [c2.unisoc.vp9.decoder#800] Created input block pool with allocatorID 16 => poolID 33 - OK (0)
D/mali_gralloc( 5483): register: id=2a900001592, handle=0xb400006f252a74c0, importpid=5483
D/mali_gralloc( 5483): register: id=2a900001590, handle=0xb400006f252a83a0, importpid=5483
D/CCodecBufferChannel( 5483): [c2.unisoc.vp9.decoder#800] Query output surface allocator returned 0 params => BAD_INDEX (6)
I/DMCodecAdapterFactory( 5483): Creating an asynchronous MediaCodec adapter for track type video
D/MediaCodec( 5483): CreateByComponentName: name c2.unisoc.vp9.decoder
D/mali_gralloc( 5483): register: id=2a900001593, handle=0xb400006f252a8720, importpid=5483
D/mali_gralloc( 5483): register: id=2a900001591, handle=0xb400006f252a8800, importpid=5483
D/MediaCodec( 5483): [0xb4000067d2498800] setState: 1
D/mali_gralloc( 5483): register: id=2a900001592, handle=0xb400006f252a7920, importpid=5483
D/mali_gralloc( 5483): register: id=2a900001594, handle=0xb400006f252a65e0, importpid=5483
D/CCodec  ( 5483): allocate(c2.unisoc.vp9.decoder)
I/Codec2-HalSelection( 5483): selection: hidl
D/mali_gralloc( 5483): register: id=2a900001593, handle=0xb400006f252a5d20, importpid=5483
I/CCodecBufferChannel( 5483): [c2.unisoc.vp9.decoder#800] Created output block pool with allocatorID 18 => poolID 156 - OK
D/CCodecBufferChannel( 5483): [c2.unisoc.vp9.decoder#800] Configured output block pool ids 156 => OK
D/Codec2-OutputBufferQueue( 5483): remote graphic buffer migration 0/0
D/Codec2Client( 5483): setOutputSurface -- failed to set consumer usage (6/BAD_INDEX)
D/Codec2Client( 5483): setOutputSurface -- generation=5614602 consumer usage=0x900
D/mali_gralloc( 5483): register: id=2a900001595, handle=0xb400006f252a7e60, importpid=5483
D/mali_gralloc( 5483): unregister: id=2a900001595, handle=0xb400006f252a7e60, base=0x0, importpid=5483, clone_count=0
D/mali_gralloc( 5483): register: id=2a900001594, handle=0xb400006f252a7e60, importpid=5483
D/Codec2Client( 5483): Surface configure completed
I/CCodec  ( 5483): setting up 'default' as default (vendor) store
I/CCodec  ( 5483): Created component [c2.unisoc.vp9.decoder]
D/CCodecConfig( 5483): read media type: video/x-vnd.on2.vp9
D/MediaCodec( 5483): [0xb400006f06200800] setState: 6
D/CCodecConfig( 5483): c2 config diff is   c2::u32 raw.channel-mask.value = 12
D/CCodecBuffers( 5483): [c2.android.aac.decoder#969:Output[N]] popFromStashAndRegister: at 1000000000000us, output format changed to AMessage(what = 0x00000000) = {
D/CCodecBuffers( 5483):   int32_t aac-drc-album-mode = 0
D/CCodecBuffers( 5483):   int32_t aac-drc-boost-level = 127
D/CCodecBuffers( 5483):   int32_t aac-drc-cut-level = 127
D/CCodecBuffers( 5483):   int32_t aac-drc-effect-type = 3
D/CCodecBuffers( 5483):   int32_t aac-drc-output-loudness = -1
D/CCodecBuffers( 5483):   int32_t aac-encoded-target-level = -1
D/CCodecBuffers( 5483):   int32_t aac-max-output-channel_count = 8
D/CCodecBuffers( 5483):   int32_t aac-target-ref-level = 64
D/CCodecBuffers( 5483):   int32_t buffer-batch-max-output-size = 0
D/CCodecBuffers( 5483):   int32_t buffer-batch-threshold-output-size = 0
D/CCodecBuffers( 5483):   int32_t channel-count = 2
D/CCodecBuffers( 5483):   int32_t channel-mask = 12
D/CCodecBuffers( 5483):   int32_t max-output-channel-count = 8
D/CCodecBuffers( 5483):   string mime = "audio/raw"
D/CCodecBuffers( 5483):   int32_t sample-rate = 44100
D/CCodecBuffers( 5483):   int32_t android._config-pcm-encoding = 2
D/CCodecBuffers( 5483): }
D/ReflectedParamUpdater( 5483): extent() != 1 for single value type: algo.buffers.max-count.values
D/ReflectedParamUpdater( 5483): extent() != 1 for single value type: output.subscribed-indices.values
D/ReflectedParamUpdater( 5483): extent() != 1 for single value type: input.buffers.allocator-ids.values
D/ReflectedParamUpdater( 5483): extent() != 1 for single value type: output.buffers.allocator-ids.values
D/ReflectedParamUpdater( 5483): extent() != 1 for single value type: algo.buffers.allocator-ids.values
D/ReflectedParamUpdater( 5483): extent() != 1 for single value type: output.buffers.pool-ids.values
D/ReflectedParamUpdater( 5483): extent() != 1 for single value type: algo.buffers.pool-ids.values
D/ReflectedParamUpdater( 5483): ignored struct field coded.color-format.locations
D/CCodecConfig( 5483): ignoring local param raw.size (0xd2001800) as it is already supported
D/CCodecConfig( 5483): ignoring local param default.color (0x5200180b) as it is already supported
D/CCodecConfig( 5483): ignoring local param raw.hdr-static-info (0xd200180a) as it is already supported
I/CCodecConfig( 5483): query failed after returning 17 values (BAD_INDEX)
D/CCodecConfig( 5483): c2 config diff is Dict {
D/CCodecConfig( 5483):   c2::i32 algo.priority.value = -1
D/CCodecConfig( 5483):   c2::float algo.rate.value = -1
D/CCodecConfig( 5483):   c2::u32 coded.pl.level = 28678
D/CCodecConfig( 5483):   c2::u32 coded.pl.profile = 28672
D/CCodecConfig( 5483):   c2::u32 coded.vui.color.matrix = 0
D/CCodecConfig( 5483):   c2::u32 coded.vui.color.primaries = 0
D/CCodecConfig( 5483):   c2::u32 coded.vui.color.range = 0
D/CCodecConfig( 5483):   c2::u32 coded.vui.color.transfer = 0
D/CCodecConfig( 5483):   c2::u32 default.color.matrix = 0
D/CCodecConfig( 5483):   c2::u32 default.color.primaries = 0
D/CCodecConfig( 5483):   c2::u32 default.color.range = 0
D/CCodecConfig( 5483):   c2::u32 default.color.transfer = 0
D/CCodecConfig( 5483):   c2::u32 input.buffers.max-size.value = 1048576
D/CCodecConfig( 5483):   c2::u32 input.delay.value = 0
D/CCodecConfig( 5483):   Buffer input.hdr10-plus-info.value = {
D/CCodecConfig( 5483):   }
D/CCodecConfig( 5483):   string input.media-type.value = "video/x-vnd.on2.vp9"
D/CCodecConfig( 5483):   c2::u32 output.delay.value = 8
D/CCodecConfig( 5483):   Buffer output.hdr10-plus-info.value = {
D/CCodecConfig( 5483):   }
D/CCodecConfig( 5483):   string output.media-type.value = "video/raw"
D/CCodecConfig( 5483):   c2::u32 raw.color.matrix = 0
D/CCodecConfig( 5483):   c2::u32 raw.color.primaries = 0
D/CCodecConfig( 5483):   c2::u32 raw.color.range = 0
D/CCodecConfig( 5483):   c2::u32 raw.color.transfer = 0
D/CCodecConfig( 5483):   c2::float raw.hdr-static-info.mastering.blue.x = 0
D/CCodecConfig( 5483):   c2::float raw.hdr-static-info.mastering.blue.y = 0
D/CCodecConfig( 5483):   c2::float raw.hdr-stat
W/ColorUtils( 5483): expected specified color aspects (0:0:0:0)
D/MediaCodec( 5483): [0xb4000067d2498800] setState: 2
I/MediaCodec( 5483): MediaCodec will operate in async mode
D/MediaCodec( 5483): [0xb4000067d2498800] [c2.unisoc.vp9.decoder] configure
I/MediaCodec( 5483): pkgName_codec:badmuscodehive.appldq
D/mali_gralloc( 5483): register: id=2a900001596, handle=0xb400006f252a8fe0, importpid=5483
D/SurfaceUtils( 5483): connecting to surface 0xb400006f24c54010, reason connectToSurface
I/MediaCodec( 5483): [c2.unisoc.vp9.decoder] setting surface generation to 5614603
D/SurfaceUtils( 5483): disconnecting from surface 0xb400006f24c54010, reason connectToSurface(reconnect)
D/SurfaceUtils( 5483): connecting to surface 0xb400006f24c54000, reason connectToSurface(reconnect-with-listener)
D/MediaCodec( 5483): [0xb4000067d2498800] setState: 3
D/CCodec  ( 5483): [c2.unisoc.vp9.decoder] buffers are bound to CCodec for this session
D/CCodecConfig( 5483): no c2 equivalents for log-session-id
D/CCodecConfig( 5483): no c2 equivalents for importance
D/CCodecConfig( 5483): no c2 equivalents for color-standard
D/CCodecConfig( 5483): no c2 equivalents for native-window
D/CCodecConfig( 5483): no c2 equivalents for native-window-generation
D/CCodecConfig( 5483): no c2 equivalents for flags
D/CCodecConfig( 5483): c2 config diff is   c2::u32 raw.channel-mask.value = 12
D/CCodecBuffers( 5483): [c2.android.aac.decoder#626:Output[N]] popFromStashAndRegister: at 1000000000000us, output format changed to AMessage(what = 0x00000000) = {
D/CCodecBuffers( 5483):   int32_t aac-drc-album-mode = 0
D/CCodecBuffers( 5483):   int32_t aac-drc-boost-level = 127
D/CCodecBuffers( 5483):   int32_t aac-drc-cut-level = 127
D/CCodecBuffers( 5483):   int32_t aac-drc-effect-type = 3
D/CCodecBuffers( 5483):   int32_t aac-drc-output-loudness = -1
D/CCodecBuffers( 5483):   int32_t aac-encoded-target-level = -1
D/CCodecBuffers( 5483):   int32_t aac-max-output-channel_count = 8
D/CCodecBuffers( 5483):   int32_t aac-target-ref-level = 64
D/CCodecBuffers( 5483):   int32_t buffer-batch-max-output-size = 0
D/CCodecBuffers( 5483):   int32_t buffer-batch-threshold-output-size = 0
D/CCodecBuffers( 5483):   int32_t channel-count = 2
D/CCodecBuffers( 5483):   int32_t channel-mask = 12
D/CCodecBuffers( 5483):   int32_t max-output-channel-count = 8
D/CCodecBuffers( 5483):   string mime = "audio/raw"
D/CCodecBuffers( 5483):   int32_t sample-rate = 44100
D/CCodecBuffers( 5483):   int32_t android._config-pcm-encoding = 2
D/CCodecBuffers( 5483): }
D/mali_gralloc( 5483): register: id=2a900001597, handle=0xb400006f252a81e0, importpid=5483
D/CCodecConfig( 5483): c2 config diff is   c2::i32 algo.priority.value = 0
D/CCodecConfig( 5483):   c2::u32 default.color.matrix = 1
D/CCodecConfig( 5483):   c2::u32 default.color.primaries = 1
D/CCodecConfig( 5483):   c2::u32 default.color.range = 2
D/CCodecConfig( 5483):   c2::u32 default.color.transfer = 3
D/CCodecConfig( 5483):   c2::u32 raw.max-size.height = 1280
D/CCodecConfig( 5483):   c2::u32 raw.max-size.width = 720
D/CCodecConfig( 5483):   c2::u32 raw.size.height = 1280
D/CCodecConfig( 5483):   c2::u32 raw.size.width = 720
I/CCodecImpl( 5483): set scene mode: 0x20, ProcName:badmuscodehive.appldq
D/CCodecConfig( 5483): c2 config diff is   c2::u64 vendor.coding.scene-mode.value = 32
D/CCodecBufferChannel( 5483): [c2.unisoc.vp9.decoder#800] Ignoring stale input buffer done callback: last flush index = 0, frameIndex = 0
D/mali_gralloc( 5483): register: id=2a900001596, handle=0xb400006f252a9520, importpid=5483
D/CCodecConfig( 5483): c2 config diff is   c2::i32 vendor.coding.transform.value = 0
D/CCodecConfig( 5483): c2 config diff is   c2::u32 raw.crop.height = 1280
D/CCodecConfig( 5483):   c2::u32 raw.crop.left = 0
D/CCodecConfig( 5483):   c2::u32 raw.crop.top = 0
D/CCodecConfig( 5483):   c2::u32 raw.crop.width = 720
D/mali_gralloc( 5483): register: id=2a900001598, handle=0xb400006f252a66c0, importpid=5483
I/AudioTrack( 5483): set(): streamType -1, sampleRate 44100, format 0x1, channelMask 0x3, frameCount 14176, flags 0, notificationFrames 0, sessionId 1209, transferType 3, uid 10508, pid 5483, packageName badmuscodehive.appldq
D/AudioTrack( 5483): set() fadeEnabled:1, isWhiteApp: 0
D/AudioTrack( 5483): set(): Building AudioTrack with attributes: usage=1 content=0 flags=0xa00 tags=[]
D/mali_gralloc( 5483): register: id=2a900001599, handle=0xb400006f252a8d40, importpid=5483
D/mali_gralloc( 5483): register: id=2a900001598, handle=0xb400006f252a98a0, importpid=5483
D/AudioTrack( 5483): set(), create sync notify, streamType 3
D/AudioNotifyPnp( 5483): createAudioNotify()
D/codehive.appldq( 5483): createAudioNotifyPnpFactory(), create unisoc AudioNotifyPnpInterface 0xb400006f4e5b6280
D/mali_gralloc( 5483): register: id=2a90000159a, handle=0xb400006f252a8020, importpid=5483
W/Codec2Client( 5483): query -- param skipped: index = 1107298332.
D/CCodec  ( 5483): client requested max input size 345600, which is smaller than what component recommended (1048576); overriding with component recommendation.
W/CCodec  ( 5483): This behavior is subject to change. It is recommended that app developers double check whether the requested max input size is in reasonable range.
D/CCodec  ( 5483): encoding statistics level = 0
D/CCodec  ( 5483): setup formats input: AMessage(what = 0x00000000) = {
D/CCodec  ( 5483):   int32_t height = 1280
D/CCodec  ( 5483):   int32_t level = 64
D/CCodec  ( 5483):   int32_t max-input-size = 1048576
D/CCodec  ( 5483):   string mime = "video/x-vnd.on2.vp9"
D/CCodec  ( 5483):   int32_t priority = 0
D/CCodec  ( 5483):   int32_t profile = 1
D/CCodec  ( 5483):   int32_t width = 720
D/CCodec  ( 5483):   Rect crop(0, 0, 719, 1279)
D/CCodec  ( 5483):   int32_t vendor.coding.transform.value = 0
D/CCodec  ( 5483): }
D/CCodec  ( 5483): setup formats output: AMessage(what = 0x00000000) = {
D/CCodec  ( 5483):   int32_t android._color-format = 2135033992
D/CCodec  ( 5483):   int32_t android._video-scaling = 1
D/CCodec  ( 5483):   int32_t android._dataspace = 260
D/CCodec  ( 5483):   int32_t color-standard = 1
D/CCodec  ( 5483):   int32_t color-range = 2
D/CCodec  ( 5483):   int32_t color-transfer = 3
D/CCodec  ( 5483):   int32_t sar-height = 1
D/CCodec  ( 5483):   int32_t rotation-degrees = 0
D/CCodec  ( 5483):   Buffer hdr-static-info = {
D/CCodec  ( 5483):     00000000:  00 00 00 00 00 00 00 00  00 00 00 00 00 00 00 00  ................
D/CCodec  ( 5483):     00000010:  00 00 00 00 00 00 00 00  00                       .........
D/CCodec  ( 5483):   }
D/CCodec  ( 5483):   int32_t sar-width = 1
D/CCodec  ( 5483):   Rect crop(0, 0, 719, 1279)
D/CCodec  ( 5483):   int32_t width = 720
D/CCodec  ( 5483):   Buffer hdr10-plus-info = {
D/CCodec  ( 5483):   }
D/CCodec  ( 5483):   int32_t height = 1280
D/CCodec  ( 5483):   int32_t max-height = 1280
D/CCodec  ( 5483):   int32_t max-width = 720
D/CCodec  ( 5483):   string mime = "video/raw"
D/CCodec  ( 5483):   int32_t priority = 0
D/CCodec  ( 5483):   int64_t vendor.coding.scene-mode.value = 32
D/CCodec  ( 5483):   int32_t color-format = 2130708361
D/CCodec  ( 5483): }
I/CCodecConfig( 5483): query failed after returning 19 values (BAD_INDEX)
D/CCodecConfig( 5483): c2 config diff is   c2::u32 raw.color.matrix = 1
D/CCodecConfig( 5483):   c2::u32 raw.color.primaries = 1
D/CCodecConfig( 5483):   c2::u32 raw.color.range = 2
D/CCodecConfig( 5483):   c2::u32 raw.color.transfer = 3
D/MediaCodec( 5483): [0xb4000067d2498800] setState: 4
D/MediaCodec( 5483): keep callback message for reclaim
D/MediaCodec( 5483): [0xb4000067d2498800] setState: 5
D/SSenseEx( 5483): report data to the sprdssense service,---start
W/Codec2Client( 5483): query -- param skipped: index = 1342179345.
W/Codec2Client( 5483): query -- param skipped: index = 2415921170.
W/Codec2Client( 5483): query -- param skipped: index = 1610614798.
W/Codec2Client( 5483): query -- param skipped: index = 2684356609.
D/CCodecBufferChannel( 5483): [c2.unisoc.vp9.decoder#948] Created input block pool with allocatorID 16 => poolID 34 - OK (0)
D/CCodecBufferChannel( 5483): [c2.unisoc.vp9.decoder#948] Query output surface allocator returned 0 params => BAD_INDEX (6)
D/AudioNotifyPnp( 5483): checkWriterThreadName(), notify start to pnp, mWriterTid 7026, name ExoPlayer:Playb
I/CCodecBufferChannel( 5483): [c2.unisoc.vp9.decoder#948] Created output block pool with allocatorID 18 => poolID 157 - OK
D/mali_gralloc( 5483): register: id=2a900001599, handle=0xb400006f252a6c00, importpid=5483
D/CCodecBufferChannel( 5483): [c2.unisoc.vp9.decoder#948] Configured output block pool ids 157 => OK
D/Codec2-OutputBufferQueue( 5483): remote graphic buffer migration 0/0
D/mali_gralloc( 5483): register: id=2a90000159b, handle=0xb400006f252a6880, importpid=5483
D/Codec2Client( 5483): setOutputSurface -- failed to set consumer usage (6/BAD_INDEX)
D/Codec2Client( 5483): setOutputSurface -- generation=5614603 consumer usage=0x900
D/mali_gralloc( 5483): register: id=2a90000159c, handle=0xb400006f252a91a0, importpid=5483
D/mali_gralloc( 5483): unregister: id=2a90000159c, handle=0xb400006f252a91a0, base=0x0, importpid=5483, clone_count=0
D/mali_gralloc( 5483): register: id=2a90000159a, handle=0xb400006f252a9de0, importpid=5483
D/Codec2Client( 5483): Surface configure completed
D/mali_gralloc( 5483): register: id=2a90000159d, handle=0xb400006f252a96e0, importpid=5483
D/MediaCodec( 5483): [0xb4000067d2498800] setState: 6
D/mali_gralloc( 5483): register: id=2a90000159b, handle=0xb400006f252a90c0, importpid=5483
I/AudioTrack( 5483): set(): streamType -1, sampleRate 44100, format 0x1, channelMask 0x3, frameCount 14176, flags 0, notificationFrames 0, sessionId 1217, transferType 3, uid 10508, pid 5483, packageName badmuscodehive.appldq
D/AudioTrack( 5483): set() fadeEnabled:1, isWhiteApp: 0
D/AudioTrack( 5483): set(): Building AudioTrack with attributes: usage=1 content=0 flags=0xa00 tags=[]
D/mali_gralloc( 5483): register: id=2a90000159e, handle=0xb400006f252a91a0, importpid=5483
D/mali_gralloc( 5483): register: id=2a90000159d, handle=0xb400006f252a9980, importpid=5483
D/mali_gralloc( 5483): register: id=2a90000159f, handle=0xb400006f252a8100, importpid=5483
D/mali_gralloc( 5483): register: id=2a9000015a0, handle=0xb400006f252aa400, importpid=5483
D/AudioTrack( 5483): set(), create sync notify, streamType 3
D/AudioNotifyPnp( 5483): createAudioNotify()
D/codehive.appldq( 5483): createAudioNotifyPnpFactory(), create unisoc AudioNotifyPnpInterface 0xb400006f4e5b6f00
D/mali_gralloc( 5483): register: id=2a90000159f, handle=0xb400006f252a9a60, importpid=5483
D/mali_gralloc( 5483): register: id=2a9000015a1, handle=0xb400006f252aa780, importpid=5483
D/AudioNotifyPnp( 5483): checkWriterThreadName(), notify start to pnp, mWriterTid 7031, name ExoPlayer:Playb
D/mali_gralloc( 5483): register: id=2a90000159e, handle=0xb400006f252a6a40, importpid=5483
D/mali_gralloc( 5483): register: id=2a9000015a2, handle=0xb400006f252a9fa0, importpid=5483
D/mali_gralloc( 5483): register: id=2a9000015a3, handle=0xb400006f252aa860, importpid=5483
D/mali_gralloc( 5483): register: id=2a9000015a4, handle=0xb400006f252aa6a0, importpid=5483
D/mali_gralloc( 5483): register: id=2a9000015a3, handle=0xb400006f252aabe0, importpid=5483
D/CCodecConfig( 5483): c2 config diff is   c2::u32 raw.crop.height = 1280
D/CCodecConfig( 5483):   c2::u32 raw.crop.left = 0
D/CCodecConfig( 5483):   c2::u32 raw.crop.top = 0
D/CCodecConfig( 5483):   c2::u32 raw.crop.width = 720
D/mali_gralloc( 5483): register: id=2a9000015a5, handle=0xb400006f252a9600, importpid=5483
D/mali_gralloc( 5483): register: id=2a9000015a2, handle=0xb400006f252a9d00, importpid=5483
D/mali_gralloc( 5483): register: id=2a9000015a6, handle=0xb400006f252aacc0, importpid=5483
D/mali_gralloc( 5483): register: id=2a9000015a1, handle=0xb400006f252aada0, importpid=5483
D/mali_gralloc( 5483): register: id=2a9000015a7, handle=0xb400006f252aae80, importpid=5483
D/mali_gralloc( 5483): register: id=2a9000015a5, handle=0xb400006f252a9c20, importpid=5483
D/mali_gralloc( 5483): register: id=2a9000015a8, handle=0xb400006f252ab040, importpid=5483
D/mali_gralloc( 5483): register: id=2a9000015a0, handle=0xb400006f252ab120, importpid=5483
D/mali_gralloc( 5483): register: id=2a9000015a9, handle=0xb400006f252aaf60, importpid=5483
D/mali_gralloc( 5483): register: id=2a9000015a7, handle=0xb400006f252ab2e0, importpid=5483
D/mali_gralloc( 5483): register: id=2a9000015a6, handle=0xb400006f252ab3c0, importpid=5483
D/mali_gralloc( 5483): register: id=2a9000015aa, handle=0xb400006f252ab4a0, importpid=5483
D/mali_gralloc( 5483): register: id=2a9000015a8, handle=0xb400006f252ab820, importpid=5483
D/mali_gralloc( 5483): register: id=2a9000015ab, handle=0xb400006f252aa940, importpid=5483
I/codehive.appldq( 5483): Background young concurrent mark compact GC freed 8669KB AllocSpace bytes, 67(4848KB) LOS objects, 12% free, 59MB/67MB, paused 1.541ms,21.004ms total 1.048s
D/mali_gralloc( 5483): register: id=2a9000015ac, handle=0xb400006f252aa160, importpid=5483
D/mali_gralloc( 5483): register: id=2a9000015aa, handle=0xb400006f252a6420, importpid=5483
D/mali_gralloc( 5483): register: id=2a9000015a9, handle=0xb400006f252aa5c0, importpid=5483
D/mali_gralloc( 5483): register: id=2a9000015ad, handle=0xb400006f252aa240, importpid=5483
D/mali_gralloc( 5483): register: id=2a9000015ab, handle=0xb400006f252aaa20, importpid=5483
D/mali_gralloc( 5483): register: id=2a9000015ac, handle=0xb400006f252abba0, importpid=5483
D/mali_gralloc( 5483): register: id=2a9000015ae, handle=0xb400006f252abac0, importpid=5483
D/mali_gralloc( 5483): register: id=2a9000015ad, handle=0xb400006f252abd60, importpid=5483
D/mali_gralloc( 5483): register: id=2a9000015af, handle=0xb400006f252abc80, importpid=5483
D/mali_gralloc( 5483): register: id=2a9000015ae, handle=0xb400006f252abf20, importpid=5483
D/mali_gralloc( 5483): register: id=2a9000015b0, handle=0xb400006f25413f40, importpid=5483
D/mali_gralloc( 5483): register: id=2a9000015af, handle=0xb400006f4e589800, importpid=5483
D/mali_gralloc( 5483): register: id=2a9000015b1, handle=0xb400006f252abe40, importpid=5483
D/mali_gralloc( 5483): register: id=2a9000015b0, handle=0xb400006f4e589c60, importpid=5483
D/mali_gralloc( 5483): register: id=2a9000015b2, handle=0xb400006f4e589d40, importpid=5483
D/mali_gralloc( 5483): register: id=2a9000015b1, handle=0xb400006f4e589e20, importpid=5483
D/mali_gralloc( 5483): register: id=2a9000015b3, handle=0xb400006f4e589b80, importpid=5483
D/mali_gralloc( 5483): register: id=2a9000015b2, handle=0xb400006f4e589fe0, importpid=5483
D/mali_gralloc( 5483): register: id=2a9000015b4, handle=0xb400006f4e58a0c0, importpid=5483
D/mali_gralloc( 5483): register: id=2a9000015b5, handle=0xb400006f4e58a1a0, importpid=5483
Another exception was thrown: setState() or markNeedsBuild() called during build.
Another exception was thrown: setState() or markNeedsBuild() called during build.
D/BufferPoolAccessor2.0( 5483): evictor expired: 1, evicted: 1
Another exception was thrown: 'package:flutter/src/widgets/framework.dart': Failed assertion: line 5541 pos 12: '!_dirty': is not true.
I/codehive.appldq( 5483): Background concurrent mark compact GC freed 3468KB AllocSpace bytes, 9(1040KB) LOS objects, 28% free, 61MB/85MB, paused 5.161ms,16.335ms total 204.053ms
I/PlayCore( 5483): UID: [10508]  PID: [5483] PrewarmService : prewarm(badmuscodehive.appldq)
I/PlayCore( 5483): UID: [10508]  PID: [5483] PrewarmService : Initiate binding to the service.
I/PlayCore( 5483): UID: [10508]  PID: [5483] PrewarmService : ServiceConnectionImpl.onServiceConnected(ComponentInfo{com.android.vending/com.google.android.finsky.prewarmservice.PrewarmService})
I/PlayCore( 5483): UID: [10508]  PID: [5483] PrewarmService : linkToDeath
D/mali_gralloc( 5483): register: id=2a9000015b6, handle=0xb400006f4e58a360, importpid=5483
D/mali_gralloc( 5483): register: id=2a9000015b3, handle=0xb400006f4e58a6e0, importpid=5483
D/mali_gralloc( 5483): register: id=2a9000015b4, handle=0xb400006f4e58a8a0, importpid=5483
D/mali_gralloc( 5483): register: id=2a9000015b5, handle=0xb400006f4e58a520, importpid=5483
D/mali_gralloc( 5483): register: id=2a9000015b6, handle=0xb400006f4e58ac20, importpid=5483
Another exception was thrown: setState() or markNeedsBuild() called during build.
Another exception was thrown: 'package:flutter/src/widgets/framework.dart': Failed assertion: line 5541 pos 12: '!_dirty': is not true.
Another exception was thrown: setState() or markNeedsBuild() called during build.
Another exception was thrown: 'package:flutter/src/widgets/framework.dart': Failed assertion: line 5541 pos 12: '!_dirty': is not true.
Another exception was thrown: 'package:flutter/src/rendering/sliver_multi_box_adaptor.dart': Failed assertion: line 277 pos 16: 'child == null || indexOf(child) > index': is not true.
I/Choreographer( 5483): Skipped 39 frames!  The application may be doing too much work on its main thread.
D/SensorManager( 5483): registerListenerImpl sensor = {Sensor name="Game Rotation Vector Sensor", vendor="AOSP", version=3, type=15, maxRange=1.0, resolution=5.9604645E-8, power=11.17, minDelay=2500}, delayUs = 16666, latencyUs = 0, listener = org.chromium.device.sensors.PlatformSensor@4d165ec
I/DynamiteModule( 5483): Considering local module com.google.android.gms.ads.dynamite:0 and remote module com.google.android.gms.ads.dynamite:260480602
I/DynamiteModule( 5483): Selected remote version of com.google.android.gms.ads.dynamite, version >= 260480602
V/DynamiteModule( 5483): Dynamite loader version >= 2, using loadModule2NoCrashUtils
I/Ads     ( 5483): Use RequestConfiguration.Builder().setTestDeviceIds(Arrays.asList("71CA50F598848B50FABE3C387C2461E9")) to get test ads on this device.
I/DynamiteModule( 5483): Considering local module com.google.android.gms.ads.dynamite:0 and remote module com.google.android.gms.ads.dynamite:260480602
I/DynamiteModule( 5483): Selected remote version of com.google.android.gms.ads.dynamite, version >= 260480602
V/DynamiteModule( 5483): Dynamite loader version >= 2, using loadModule2NoCrashUtils
I/Ads     ( 5483): Use RequestConfiguration.Builder().setTestDeviceIds(Arrays.asList("71CA50F598848B50FABE3C387C2461E9")) to get test ads on this device.
W/ServiceBindIntentUtils( 5483): Dynamic lookup for intent failed for action: com.google.android.gms.ads.service.START
D/TextSelection( 5483): onUseCache cache=null
I/PlayCore( 5483): UID: [10508]  PID: [5483] PrewarmService : prewarm(badmuscodehive.appldq)
I/PlayCore( 5483): UID: [10508]  PID: [5483] PrewarmService : Initiate binding to the service.
W/Ads     ( 5483): Not retrying to fetch app settings
D/SensorManager( 5483): unregisterListenerImpl sensor = {Sensor name="Game Rotation Vector Sensor", vendor="AOSP", version=3, type=15, maxRange=1.0, resolution=5.9604645E-8, power=11.17, minDelay=2500}, listener = org.chromium.device.sensors.PlatformSensor@4d165ec
I/PlayCore( 5483): UID: [10508]  PID: [5483] PrewarmService : prewarm(badmuscodehive.appldq)
I/PlayCore( 5483): UID: [10508]  PID: [5483] PrewarmService : Initiate binding to the service.
I/PlayCore( 5483): UID: [10508]  PID: [5483] PrewarmService : ServiceConnectionImpl.onServiceConnected(ComponentInfo{com.android.vending/com.google.android.finsky.prewarmservice.PrewarmService})
I/PlayCore( 5483): UID: [10508]  PID: [5483] PrewarmService : linkToDeath
D/SensorManager( 5483): registerListenerImpl sensor = {Sensor name="Game Rotation Vector Sensor", vendor="AOSP", version=3, type=15, maxRange=1.0, resolution=5.9604645E-8, power=11.17, minDelay=2500}, delayUs = 16666, latencyUs = 0, listener = org.chromium.device.sensors.PlatformSensor@4d165ec
I/PlayCore( 5483): UID: [10508]  PID: [5483] PrewarmService : prewarm(badmuscodehive.appldq)
I/DynamiteModule( 5483): Considering local module com.google.android.gms.ads.dynamite:0 and remote module com.google.android.gms.ads.dynamite:260480602
I/DynamiteModule( 5483): Selected remote version of com.google.android.gms.ads.dynamite, version >= 260480602
V/DynamiteModule( 5483): Dynamite loader version >= 2, using loadModule2NoCrashUtils
I/PlayCore( 5483): UID: [10508]  PID: [5483] PrewarmService : Initiate binding to the service.
I/PlayCore( 5483): UID: [10508]  PID: [5483] PrewarmService : ServiceConnectionImpl.onServiceConnected(ComponentInfo{com.android.vending/com.google.android.finsky.prewarmservice.PrewarmService})
I/PlayCore( 5483): UID: [10508]  PID: [5483] PrewarmService : linkToDeath
I/PlayCore( 5483): UID: [10508]  PID: [5483] PrewarmService : prewarm(badmuscodehive.appldq)
I/PlayCore( 5483): UID: [10508]  PID: [5483] PrewarmService : Initiate binding to the service.
D/BufferPoolAccessor2.0( 5483): bufferpool2 0xb400006f24c2ca28 : 4(4194304 size) total buffers - 4(4194304 size) used buffers - 14/19 (recycle/alloc) - 5/19 (fetch/transfer)
D/BufferPoolAccessor2.0( 5483): evictor expired: 1, evicted: 1
I/DynamiteModule( 5483): Considering local module com.google.android.gms.ads.dynamite:0 and remote module com.google.android.gms.ads.dynamite:260480602
I/DynamiteModule( 5483): Selected remote version of com.google.android.gms.ads.dynamite, version >= 260480602
V/DynamiteModule( 5483): Dynamite loader version >= 2, using loadModule2NoCrashUtils
I/cr_MediaCodecBridge( 5483): create MediaCodec video decoder, mime video/x-vnd.on2.vp9, decoder name c2.unisoc.vp9.decoder, block_model=false
D/MediaCodec( 5483): CreateByComponentName: name c2.unisoc.vp9.decoder
D/MediaCodec( 5483): [0xb400006f4e74e000] setState: 1
D/CCodec  ( 5483): allocate(c2.unisoc.vp9.decoder)
I/Codec2-HalSelection( 5483): selection: hidl
I/CCodec  ( 5483): setting up 'default' as default (vendor) store
I/CCodec  ( 5483): Created component [c2.unisoc.vp9.decoder]
D/CCodecConfig( 5483): read media type: video/x-vnd.on2.vp9
D/ReflectedParamUpdater( 5483): extent() != 1 for single value type: algo.buffers.max-count.values
D/ReflectedParamUpdater( 5483): extent() != 1 for single value type: output.subscribed-indices.values
D/ReflectedParamUpdater( 5483): extent() != 1 for single value type: input.buffers.allocator-ids.values
D/ReflectedParamUpdater( 5483): extent() != 1 for single value type: output.buffers.allocator-ids.values
D/ReflectedParamUpdater( 5483): extent() != 1 for single value type: algo.buffers.allocator-ids.values
D/ReflectedParamUpdater( 5483): extent() != 1 for single value type: output.buffers.pool-ids.values
D/ReflectedParamUpdater( 5483): extent() != 1 for single value type: algo.buffers.pool-ids.values
I/PlayCore( 5483): UID: [10508]  PID: [5483] PrewarmService : ServiceConnectionImpl.onServiceConnected(ComponentInfo{com.android.vending/com.google.android.finsky.prewarmservice.PrewarmService})
I/PlayCore( 5483): UID: [10508]  PID: [5483] PrewarmService : linkToDeath
D/ReflectedParamUpdater( 5483): ignored struct field coded.color-format.locations
D/CCodecConfig( 5483): ignoring local param raw.size (0xd2001800) as it is already supported
D/CCodecConfig( 5483): ignoring local param default.color (0x5200180b) as it is already supported
D/CCodecConfig( 5483): ignoring local param raw.hdr-static-info (0xd200180a) as it is already supported
I/CCodecConfig( 5483): query failed after returning 17 values (BAD_INDEX)
D/CCodecConfig( 5483): c2 config diff is Dict {
D/CCodecConfig( 5483):   c2::i32 algo.priority.value = -1
D/CCodecConfig( 5483):   c2::float algo.rate.value = -1
D/CCodecConfig( 5483):   c2::u32 coded.pl.level = 28678
D/CCodecConfig( 5483):   c2::u32 coded.pl.profile = 28672
D/CCodecConfig( 5483):   c2::u32 coded.vui.color.matrix = 0
D/CCodecConfig( 5483):   c2::u32 coded.vui.color.primaries = 0
D/CCodecConfig( 5483):   c2::u32 coded.vui.color.range = 0
D/CCodecConfig( 5483):   c2::u32 coded.vui.color.transfer = 0
D/CCodecConfig( 5483):   c2::u32 default.color.matrix = 0
D/CCodecConfig( 5483):   c2::u32 default.color.primaries = 0
D/CCodecConfig( 5483):   c2::u32 default.color.range = 0
D/CCodecConfig( 5483):   c2::u32 default.color.transfer = 0
D/CCodecConfig( 5483):   c2::u32 input.buffers.max-size.value = 1048576
D/CCodecConfig( 5483):   c2::u32 input.delay.value = 0
D/CCodecConfig( 5483):   Buffer input.hdr10-plus-info.value = {
D/CCodecConfig( 5483):   }
D/CCodecConfig( 5483):   string input.media-type.value = "video/x-vnd.on2.vp9"
D/CCodecConfig( 5483):   c2::u32 output.delay.value = 8
D/CCodecConfig( 5483):   Buffer output.hdr10-plus-info.value = {
D/CCodecConfig( 5483):   }
D/CCodecConfig( 5483):   string output.media-type.value = "video/raw"
D/CCodecConfig( 5483):   c2::u32 raw.color.matrix = 0
D/CCodecConfig( 5483):   c2::u32 raw.color.primaries = 0
D/CCodecConfig( 5483):   c2::u32 raw.color.range = 0
D/CCodecConfig( 5483):   c2::u32 raw.color.transfer = 0
D/CCodecConfig( 5483):   c2::float raw.hdr-static-info.mastering.blue.x = 0
D/CCodecConfig( 5483):   c2::float raw.hdr-static-info.mastering.blue.y = 0
D/CCodecConfig( 5483):   c2::float raw.hdr-stat
I/PlayCore( 5483): UID: [10508]  PID: [5483] PrewarmService : ServiceConnectionImpl.onServiceConnected(ComponentInfo{com.android.vending/com.google.android.finsky.prewarmservice.PrewarmService})
I/PlayCore( 5483): UID: [10508]  PID: [5483] PrewarmService : linkToDeath
W/ColorUtils( 5483): expected specified color aspects (0:0:0:0)
D/MediaCodec( 5483): [0xb400006f4e74e000] setState: 2
I/MediaCodec( 5483): MediaCodec will operate in async mode
D/MediaCodec( 5483): [0xb400006f4e74e000] [c2.unisoc.vp9.decoder] configure
I/MediaCodec( 5483): pkgName_codec:badmuscodehive.appldq
D/SurfaceUtils( 5483): connecting to surface 0xb400006f8fd36010, reason connectToSurface
I/MediaCodec( 5483): [c2.unisoc.vp9.decoder] setting surface generation to 5614604
D/SurfaceUtils( 5483): disconnecting from surface 0xb400006f8fd36010, reason connectToSurface(reconnect)
D/SurfaceUtils( 5483): connecting to surface 0xb400006f8fd36000, reason connectToSurface(reconnect-with-listener)
D/MediaCodec( 5483): [0xb400006f4e74e000] setState: 3
D/CCodec  ( 5483): [c2.unisoc.vp9.decoder] buffers are bound to CCodec for this session
D/CCodecConfig( 5483): no c2 equivalents for native-window
D/CCodecConfig( 5483): no c2 equivalents for native-window-generation
D/CCodecConfig( 5483): no c2 equivalents for flags
D/CCodecConfig( 5483): c2 config diff is   c2::u32 raw.max-size.height = 640
D/CCodecConfig( 5483):   c2::u32 raw.max-size.width = 360
D/CCodecConfig( 5483):   c2::u32 raw.size.height = 640
D/CCodecConfig( 5483):   c2::u32 raw.size.width = 360
I/CCodecImpl( 5483): set scene mode: 0x20, ProcName:badmuscodehive.appldq
D/CCodecConfig( 5483): c2 config diff is   c2::u64 vendor.coding.scene-mode.value = 32
W/Codec2Client( 5483): query -- param skipped: index = 1107298332.
D/CCodec  ( 5483): client requested max input size 86400, which is smaller than what component recommended (1048576); overriding with component recommendation.
W/CCodec  ( 5483): This behavior is subject to change. It is recommended that app developers double check whether the requested max input size is in reasonable range.
D/CCodec  ( 5483): encoding statistics level = 0
D/CCodec  ( 5483): setup formats input: AMessage(what = 0x00000000) = {
D/CCodec  ( 5483):   int32_t height = 640
D/CCodec  ( 5483):   int32_t level = 64
D/CCodec  ( 5483):   int32_t max-input-size = 1048576
D/CCodec  ( 5483):   string mime = "video/x-vnd.on2.vp9"
D/CCodec  ( 5483):   int32_t priority = 1
D/CCodec  ( 5483):   int32_t profile = 1
D/CCodec  ( 5483):   int32_t width = 360
D/CCodec  ( 5483):   Rect crop(0, 0, 359, 639)
D/CCodec  ( 5483): }
D/CCodec  ( 5483): setup formats output: AMessage(what = 0x00000000) = {
D/CCodec  ( 5483):   int32_t android._color-format = 2135033992
D/CCodec  ( 5483):   int32_t android._video-scaling = 1
D/CCodec  ( 5483):   int32_t android._dataspace = 259
D/CCodec  ( 5483):   int32_t color-standard = 4
D/CCodec  ( 5483):   int32_t color-range = 2
D/CCodec  ( 5483):   int32_t color-transfer = 3
D/CCodec  ( 5483):   int32_t sar-height = 1
D/CCodec  ( 5483):   int32_t rotation-degrees = 0
D/CCodec  ( 5483):   Buffer hdr-static-info = {
D/CCodec  ( 5483):     00000000:  00 00 00 00 00 00 00 00  00 00 00 00 00 00 00 00  ................
D/CCodec  ( 5483):     00000010:  00 00 00 00 00 00 00 00  00                       .........
D/CCodec  ( 5483):   }
D/CCodec  ( 5483):   int32_t sar-width = 1
D/CCodec  ( 5483):   Rect crop(0, 0, 359, 639)
D/CCodec  ( 5483):   int32_t width = 360
D/CCodec  ( 5483):   Buffer hdr10-plus-info = {
D/CCodec  ( 5483):   }
D/CCodec  ( 5483):   int32_t height = 640
D/CCodec  ( 5483):   int32_t max-height = 640
D/CCodec  ( 5483):   int32_t max-width = 360
D/CCodec  ( 5483):   string mime = "video/raw"
D/CCodec  ( 5483):   int32_t priority = 1
D/CCodec  ( 5483):   int64_t vendor.coding.scene-mode.value = 32
D/CCodec  ( 5483):   int32_t color-format = 2130708361
D/CCodec  ( 5483): }
I/CCodecConfig( 5483): query failed after returning 18 values (BAD_INDEX)
D/MediaCodec( 5483): [0xb400006f4e74e000] setState: 4
D/MediaCodec( 5483): keep callback message for reclaim
D/MediaCodec( 5483): [0xb400006f4e74e000] setState: 5
D/SSenseEx( 5483): report data to the sprdssense service,---start
W/Codec2Client( 5483): query -- param skipped: index = 1342179345.
W/Codec2Client( 5483): query -- param skipped: index = 2415921170.
W/Codec2Client( 5483): query -- param skipped: index = 1610614798.
W/Codec2Client( 5483): query -- param skipped: index = 2684356609.
D/BufferPoolAccessor2.0( 5483): bufferpool2 0xb400006fb33b3028 : 0(0 size) total buffers - 0(0 size) used buffers - 20/26 (recycle/alloc) - 6/26 (fetch/transfer)
D/BufferPoolAccessor2.0( 5483): bufferpool2 0xb400006f25457428 : 4(4194304 size) total buffers - 4(4194304 size) used buffers - 14/19 (recycle/alloc) - 5/19 (fetch/transfer)
D/BufferPoolAccessor2.0( 5483): bufferpool2 0xb400006fb3638a28 : 0(0 size) total buffers - 0(0 size) used buffers - 21/27 (recycle/alloc) - 8/27 (fetch/transfer)
D/CCodecBufferChannel( 5483): [c2.unisoc.vp9.decoder#588] Created input block pool with allocatorID 16 => poolID 35 - OK (0)
D/CCodecBufferChannel( 5483): [c2.unisoc.vp9.decoder#588] Query output surface allocator returned 0 params => BAD_INDEX (6)
I/CCodecBufferChannel( 5483): [c2.unisoc.vp9.decoder#588] Created output block pool with allocatorID 18 => poolID 158 - OK
D/CCodecBufferChannel( 5483): [c2.unisoc.vp9.decoder#588] Configured output block pool ids 158 => OK
D/Codec2-OutputBufferQueue( 5483): remote graphic buffer migration 0/0
D/Codec2Client( 5483): setOutputSurface -- failed to set consumer usage (6/BAD_INDEX)
D/Codec2Client( 5483): setOutputSurface -- generation=5614604 consumer usage=0x900
D/mali_gralloc( 5483): register: id=2a9000015b7, handle=0xb400006f252a7d80, importpid=5483
D/mali_gralloc( 5483): unregister: id=2a9000015b7, handle=0xb400006f252a7d80, base=0x0, importpid=5483, clone_count=0
D/Codec2Client( 5483): Surface configure completed
D/MediaCodec( 5483): [0xb400006f4e74e000] setState: 6
D/SensorManager( 5483): unregisterListenerImpl sensor = {Sensor name="Game Rotation Vector Sensor", vendor="AOSP", version=3, type=15, maxRange=1.0, resolution=5.9604645E-8, power=11.17, minDelay=2500}, listener = org.chromium.device.sensors.PlatformSensor@4d165ec
D/mali_gralloc( 5483): register: id=2a9000015b8, handle=0xb400006f4e6d6380, importpid=5483
I/codehive.appldq( 5483): Background concurrent mark compact GC freed 2614KB AllocSpace bytes, 23(1504KB) LOS objects, 22% free, 81MB/105MB, paused 3.078ms,4.434ms total 195.883ms
D/mali_gralloc( 5483): register: id=2a9000015b9, handle=0xb400006f4e58bb00, importpid=5483
D/CCodecBufferChannel( 5483): [c2.unisoc.vp9.decoder#588] Ignoring stale input buffer done callback: last flush index = 0, frameIndex = 0
D/mali_gralloc( 5483): register: id=2a9000015ba, handle=0xb400006f252aa4e0, importpid=5483
D/mali_gralloc( 5483): register: id=2a9000015b8, handle=0xb400006f252ab660, importpid=5483
D/CCodecConfig( 5483): c2 config diff is   c2::u32 raw.crop.height = 640
D/CCodecConfig( 5483):   c2::u32 raw.crop.left = 0
D/CCodecConfig( 5483):   c2::u32 raw.crop.top = 0
D/CCodecConfig( 5483):   c2::u32 raw.crop.width = 360
D/mali_gralloc( 5483): register: id=2a9000015bb, handle=0xb400006f4e6d6000, importpid=5483
D/mali_gralloc( 5483): register: id=2a9000015ba, handle=0xb400007096d22880, importpid=5483
D/mali_gralloc( 5483): register: id=2a9000015bc, handle=0xb400006f252a9ec0, importpid=5483
D/mali_gralloc( 5483): register: id=2a9000015bb, handle=0xb400006f252a7d80, importpid=5483
D/mali_gralloc( 5483): register: id=2a9000015bd, handle=0xb400006f252ab580, importpid=5483
D/mali_gralloc( 5483): register: id=2a9000015bc, handle=0xb400006f4e58ade0, importpid=5483
D/mali_gralloc( 5483): register: id=2a9000015be, handle=0xb400006f4e58b940, importpid=5483
D/mali_gralloc( 5483): register: id=2a9000015bd, handle=0xb400006f4e6d60e0, importpid=5483
D/mali_gralloc( 5483): register: id=2a9000015bf, handle=0xb400006f4e6d61c0, importpid=5483
D/mali_gralloc( 5483): register: id=2a9000015c0, handle=0xb400006f4e589f00, importpid=5483
D/mali_gralloc( 5483): register: id=2a9000015b8, handle=0xb400006f4e58bbe0, importpid=5483
D/mali_gralloc( 5483): unregister: id=2a9000015b8, handle=0xb400006f4e58bbe0, base=0x0, importpid=5483, clone_count=2
D/mali_gralloc( 5483): register: id=2a9000015c1, handle=0xb400007096d21c40, importpid=5483
D/mali_gralloc( 5483): register: id=2a9000015be, handle=0xb400006f4e6d6540, importpid=5483
D/mali_gralloc( 5483): register: id=2a9000015c2, handle=0xb400006f252a82c0, importpid=5483
D/mali_gralloc( 5483): register: id=2a9000015bf, handle=0xb400006f4e6d6a80, importpid=5483
D/mali_gralloc( 5483): register: id=2a9000015c0, handle=0xb400006f252a88e0, importpid=5483
D/mali_gralloc( 5483): register: id=2a9000015c3, handle=0xb400006f4e6d6d20, importpid=5483
D/mali_gralloc( 5483): register: id=2a9000015c1, handle=0xb400006f4e6d6e00, importpid=5483
D/mali_gralloc( 5483): register: id=2a9000015c2, handle=0xb400006f4e6d6b60, importpid=5483
D/mali_gralloc( 5483): register: id=2a9000015c4, handle=0xb400006f4e6d6ee0, importpid=5483
D/mali_gralloc( 5483): register: id=2a9000015c5, handle=0xb400006f4e6d70a0, importpid=5483
D/mali_gralloc( 5483): register: id=2a9000015c3, handle=0xb400006f4e6d7340, importpid=5483
I/cr_MediaCodecBridge( 5483): create MediaCodec video decoder, mime video/x-vnd.on2.vp9, decoder name c2.unisoc.vp9.decoder, block_model=false
D/MediaCodec( 5483): CreateByComponentName: name c2.unisoc.vp9.decoder
D/MediaCodec( 5483): [0xb400006f4e6ee800] setState: 1
D/CCodec  ( 5483): allocate(c2.unisoc.vp9.decoder)
I/Codec2-HalSelection( 5483): selection: hidl
I/CCodec  ( 5483): setting up 'default' as default (vendor) store
I/CCodec  ( 5483): Created component [c2.unisoc.vp9.decoder]
D/CCodecConfig( 5483): read media type: video/x-vnd.on2.vp9
D/ReflectedParamUpdater( 5483): extent() != 1 for single value type: algo.buffers.max-count.values
D/ReflectedParamUpdater( 5483): extent() != 1 for single value type: output.subscribed-indices.values
D/ReflectedParamUpdater( 5483): extent() != 1 for single value type: input.buffers.allocator-ids.values
D/ReflectedParamUpdater( 5483): extent() != 1 for single value type: output.buffers.allocator-ids.values
D/ReflectedParamUpdater( 5483): extent() != 1 for single value type: algo.buffers.allocator-ids.values
D/ReflectedParamUpdater( 5483): extent() != 1 for single value type: output.buffers.pool-ids.values
D/ReflectedParamUpdater( 5483): extent() != 1 for single value type: algo.buffers.pool-ids.values
D/ReflectedParamUpdater( 5483): ignored struct field coded.color-format.locations
D/CCodecConfig( 5483): ignoring local param raw.size (0xd2001800) as it is already supported
D/CCodecConfig( 5483): ignoring local param default.color (0x5200180b) as it is already supported
D/CCodecConfig( 5483): ignoring local param raw.hdr-static-info (0xd200180a) as it is already supported
I/CCodecConfig( 5483): query failed after returning 17 values (BAD_INDEX)
D/CCodecConfig( 5483): c2 config diff is Dict {
D/CCodecConfig( 5483):   c2::i32 algo.priority.value = -1
D/CCodecConfig( 5483):   c2::float algo.rate.value = -1
D/CCodecConfig( 5483):   c2::u32 coded.pl.level = 28678
D/CCodecConfig( 5483):   c2::u32 coded.pl.profile = 28672
D/CCodecConfig( 5483):   c2::u32 coded.vui.color.matrix = 0
D/CCodecConfig( 5483):   c2::u32 coded.vui.color.primaries = 0
D/CCodecConfig( 5483):   c2::u32 coded.vui.color.range = 0
D/CCodecConfig( 5483):   c2::u32 coded.vui.color.transfer = 0
D/CCodecConfig( 5483):   c2::u32 default.color.matrix = 0
D/CCodecConfig( 5483):   c2::u32 default.color.primaries = 0
D/CCodecConfig( 5483):   c2::u32 default.color.range = 0
D/CCodecConfig( 5483):   c2::u32 default.color.transfer = 0
D/CCodecConfig( 5483):   c2::u32 input.buffers.max-size.value = 1048576
D/CCodecConfig( 5483):   c2::u32 input.delay.value = 0
D/CCodecConfig( 5483):   Buffer input.hdr10-plus-info.value = {
D/CCodecConfig( 5483):   }
D/CCodecConfig( 5483):   string input.media-type.value = "video/x-vnd.on2.vp9"
D/CCodecConfig( 5483):   c2::u32 output.delay.value = 8
D/CCodecConfig( 5483):   Buffer output.hdr10-plus-info.value = {
D/CCodecConfig( 5483):   }
D/CCodecConfig( 5483):   string output.media-type.value = "video/raw"
D/CCodecConfig( 5483):   c2::u32 raw.color.matrix = 0
D/CCodecConfig( 5483):   c2::u32 raw.color.primaries = 0
D/CCodecConfig( 5483):   c2::u32 raw.color.range = 0
D/CCodecConfig( 5483):   c2::u32 raw.color.transfer = 0
D/CCodecConfig( 5483):   c2::float raw.hdr-static-info.mastering.blue.x = 0
D/CCodecConfig( 5483):   c2::float raw.hdr-static-info.mastering.blue.y = 0
D/CCodecConfig( 5483):   c2::float raw.hdr-stat
W/ColorUtils( 5483): expected specified color aspects (0:0:0:0)
D/MediaCodec( 5483): [0xb400006f4e6ee800] setState: 2
I/MediaCodec( 5483): MediaCodec will operate in async mode
D/MediaCodec( 5483): [0xb400006f4e6ee800] [c2.unisoc.vp9.decoder] configure
I/MediaCodec( 5483): pkgName_codec:badmuscodehive.appldq
D/SurfaceUtils( 5483): connecting to surface 0xb400006f24a7a010, reason connectToSurface
I/MediaCodec( 5483): [c2.unisoc.vp9.decoder] setting surface generation to 5614605
D/SurfaceUtils( 5483): disconnecting from surface 0xb400006f24a7a010, reason connectToSurface(reconnect)
D/SurfaceUtils( 5483): connecting to surface 0xb400006f24a7a000, reason connectToSurface(reconnect-with-listener)
D/MediaCodec( 5483): [0xb400006f4e6ee800] setState: 3
D/CCodec  ( 5483): [c2.unisoc.vp9.decoder] buffers are bound to CCodec for this session
D/CCodecConfig( 5483): no c2 equivalents for native-window
D/CCodecConfig( 5483): no c2 equivalents for native-window-generation
D/CCodecConfig( 5483): no c2 equivalents for flags
D/CCodecConfig( 5483): c2 config diff is   c2::u32 raw.max-size.height = 640
D/CCodecConfig( 5483):   c2::u32 raw.max-size.width = 360
D/CCodecConfig( 5483):   c2::u32 raw.size.height = 640
D/CCodecConfig( 5483):   c2::u32 raw.size.width = 360
I/CCodecImpl( 5483): set scene mode: 0x20, ProcName:badmuscodehive.appldq
D/CCodecConfig( 5483): c2 config diff is   c2::u64 vendor.coding.scene-mode.value = 32
W/Codec2Client( 5483): query -- param skipped: index = 1107298332.
D/CCodec  ( 5483): client requested max input size 86400, which is smaller than what component recommended (1048576); overriding with component recommendation.
W/CCodec  ( 5483): This behavior is subject to change. It is recommended that app developers double check whether the requested max input size is in reasonable range.
D/CCodec  ( 5483): encoding statistics level = 0
D/CCodec  ( 5483): setup formats input: AMessage(what = 0x00000000) = {
D/CCodec  ( 5483):   int32_t height = 640
D/CCodec  ( 5483):   int32_t level = 64
D/CCodec  ( 5483):   int32_t max-input-size = 1048576
D/CCodec  ( 5483):   string mime = "video/x-vnd.on2.vp9"
D/CCodec  ( 5483):   int32_t priority = 1
D/CCodec  ( 5483):   int32_t profile = 1
D/CCodec  ( 5483):   int32_t width = 360
D/CCodec  ( 5483):   Rect crop(0, 0, 359, 639)
D/CCodec  ( 5483): }
D/CCodec  ( 5483): setup formats output: AMessage(what = 0x00000000) = {
D/CCodec  ( 5483):   int32_t android._color-format = 2135033992
D/CCodec  ( 5483):   int32_t android._video-scaling = 1
D/CCodec  ( 5483):   int32_t android._dataspace = 259
D/CCodec  ( 5483):   int32_t color-standard = 4
D/CCodec  ( 5483):   int32_t color-range = 2
D/CCodec  ( 5483):   int32_t color-transfer = 3
D/CCodec  ( 5483):   int32_t sar-height = 1
D/CCodec  ( 5483):   int32_t rotation-degrees = 0
D/CCodec  ( 5483):   Buffer hdr-static-info = {
D/CCodec  ( 5483):     00000000:  00 00 00 00 00 00 00 00  00 00 00 00 00 00 00 00  ................
D/CCodec  ( 5483):     00000010:  00 00 00 00 00 00 00 00  00                       .........
D/CCodec  ( 5483):   }
D/CCodec  ( 5483):   int32_t sar-width = 1
D/CCodec  ( 5483):   Rect crop(0, 0, 359, 639)
D/CCodec  ( 5483):   int32_t width = 360
D/CCodec  ( 5483):   Buffer hdr10-plus-info = {
D/CCodec  ( 5483):   }
D/CCodec  ( 5483):   int32_t height = 640
D/CCodec  ( 5483):   int32_t max-height = 640
D/CCodec  ( 5483):   int32_t max-width = 360
D/CCodec  ( 5483):   string mime = "video/raw"
D/CCodec  ( 5483):   int32_t priority = 1
D/CCodec  ( 5483):   int64_t vendor.coding.scene-mode.value = 32
D/CCodec  ( 5483):   int32_t color-format = 2130708361
D/CCodec  ( 5483): }
I/CCodecConfig( 5483): query failed after returning 18 values (BAD_INDEX)
D/MediaCodec( 5483): [0xb400006f4e6ee800] setState: 4
D/MediaCodec( 5483): keep callback message for reclaim
D/MediaCodec( 5483): [0xb400006f4e6ee800] setState: 5
D/SSenseEx( 5483): report data to the sprdssense service,---start
W/Codec2Client( 5483): query -- param skipped: index = 1342179345.
W/Codec2Client( 5483): query -- param skipped: index = 2415921170.
W/Codec2Client( 5483): query -- param skipped: index = 1610614798.
W/Codec2Client( 5483): query -- param skipped: index = 2684356609.
D/CCodecBufferChannel( 5483): [c2.unisoc.vp9.decoder#88] Created input block pool with allocatorID 16 => poolID 36 - OK (0)
D/CCodecBufferChannel( 5483): [c2.unisoc.vp9.decoder#88] Query output surface allocator returned 0 params => BAD_INDEX (6)
I/CCodecBufferChannel( 5483): [c2.unisoc.vp9.decoder#88] Created output block pool with allocatorID 18 => poolID 159 - OK
D/CCodecBufferChannel( 5483): [c2.unisoc.vp9.decoder#88] Configured output block pool ids 159 => OK
D/Codec2-OutputBufferQueue( 5483): remote graphic buffer migration 0/0
D/Codec2Client( 5483): setOutputSurface -- failed to set consumer usage (6/BAD_INDEX)
D/Codec2Client( 5483): setOutputSurface -- generation=5614605 consumer usage=0x900
D/mali_gralloc( 5483): register: id=2a9000015c6, handle=0xb400006f4e6d7420, importpid=5483
D/mali_gralloc( 5483): unregister: id=2a9000015c6, handle=0xb400006f4e6d7420, base=0x0, importpid=5483, clone_count=0
D/Codec2Client( 5483): Surface configure completed
D/MediaCodec( 5483): [0xb400006f4e6ee800] setState: 6
D/mali_gralloc( 5483): register: id=2a9000015c7, handle=0xb400006f4e6d6700, importpid=5483
D/mali_gralloc( 5483): register: id=2a9000015c8, handle=0xb400006f4e6d7960, importpid=5483
D/mali_gralloc( 5483): register: id=2a9000015c9, handle=0xb400006f4e6d7b20, importpid=5483
D/mali_gralloc( 5483): register: id=2a9000015c7, handle=0xb400006f4e6d7ce0, importpid=5483
D/CCodecConfig( 5483): c2 config diff is   c2::u32 raw.crop.height = 640
D/CCodecConfig( 5483):   c2::u32 raw.crop.left = 0
D/CCodecConfig( 5483):   c2::u32 raw.crop.top = 0
D/CCodecConfig( 5483):   c2::u32 raw.crop.width = 360
D/mali_gralloc( 5483): register: id=2a9000015ca, handle=0xb400006f4e6d8300, importpid=5483
D/mali_gralloc( 5483): register: id=2a9000015c9, handle=0xb400006f4e6d85a0, importpid=5483
D/mali_gralloc( 5483): register: id=2a9000015cb, handle=0xb400006f4e6d8680, importpid=5483
D/mali_gralloc( 5483): register: id=2a9000015ca, handle=0xb400006f4e6d8920, importpid=5483
D/mali_gralloc( 5483): register: id=2a9000015cc, handle=0xb400006f4e6d8a00, importpid=5483
D/mali_gralloc( 5483): register: id=2a9000015cb, handle=0xb400006f4e6d8bc0, importpid=5483
D/mali_gralloc( 5483): register: id=2a9000015cd, handle=0xb400006f4e6d8ae0, importpid=5483
D/mali_gralloc( 5483): register: id=2a9000015ce, handle=0xb400006f4e6d8d80, importpid=5483
D/mali_gralloc( 5483): register: id=2a9000015cc, handle=0xb400006f4e6d69a0, importpid=5483
D/mali_gralloc( 5483): register: id=2a9000015c7, handle=0xb400006f4e6d7f80, importpid=5483
D/mali_gralloc( 5483): unregister: id=2a9000015c7, handle=0xb400006f4e6d7f80, base=0x0, importpid=5483, clone_count=2
D/mali_gralloc( 5483): register: id=2a9000015cf, handle=0xb400006f4e6d68c0, importpid=5483
D/mali_gralloc( 5483): register: id=2a9000015cd, handle=0xb400006f4e6d7f80, importpid=5483
D/mali_gralloc( 5483): register: id=2a9000015d0, handle=0xb400006f4e6d6c40, importpid=5483
D/mali_gralloc( 5483): register: id=2a9000015ce, handle=0xb400006f4e6d8220, importpid=5483
D/mali_gralloc( 5483): register: id=2a9000015d1, handle=0xb400006f4e6d7420, importpid=5483
D/mali_gralloc( 5483): register: id=2a9000015d0, handle=0xb400006f4e6d84c0, importpid=5483
D/mali_gralloc( 5483): register: id=2a9000015d2, handle=0xb400006f4e6d83e0, importpid=5483
D/mali_gralloc( 5483): register: id=2a9000015d1, handle=0xb400006f4e6d9720, importpid=5483
D/mali_gralloc( 5483): register: id=2a9000015d3, handle=0xb400006f4e6d9560, importpid=5483
D/mali_gralloc( 5483): register: id=2a9000015d2, handle=0xb400006f4e6d98e0, importpid=5483
D/BufferPoolAccessor2.0( 5483): bufferpool2 0xb400006f24c2d428 : 4(4194304 size) total buffers - 4(4194304 size) used buffers - 9/14 (recycle/alloc) - 5/10 (fetch/transfer)
D/BufferPoolAccessor2.0( 5483): bufferpool2 0xb400006f252f1e28 : 4(4194304 size) total buffers - 4(4194304 size) used buffers - 9/15 (recycle/alloc) - 6/11 (fetch/transfer)
D/BufferPoolAccessor2.0( 5483): bufferpool2 0xb400006f24d0a228 : 4(4194304 size) total buffers - 4(4194304 size) used buffers - 8/13 (recycle/alloc) - 5/9 (fetch/transfer)
D/BufferPoolAccessor2.0( 5483): bufferpool2 0xb400006f8fdeb428 : 4(4194304 size) total buffers - 4(4194304 size) used buffers - 10/16 (recycle/alloc) - 10/12 (fetch/transfer)
D/BufferPoolAccessor2.0( 5483): evictor expired: 5, evicted: 5
D/TextSelection( 5483): onUseCache cache=null
D/BufferPoolAccessor2.0( 5483): bufferpool2 0xb400006f25277228 : 4(4194304 size) total buffers - 4(4194304 size) used buffers - 12/19 (recycle/alloc) - 7/19 (fetch/transfer)
D/BufferPoolAccessor2.0( 5483): bufferpool2 0xb400006f24e0f428 : 0(0 size) total buffers - 0(0 size) used buffers - 19/26 (recycle/alloc) - 15/26 (fetch/transfer)
D/BufferPoolAccessor2.0( 5483): bufferpool2 0xb400006f4e2d6428 : 0(0 size) total buffers - 0(0 size) used buffers - 21/27 (recycle/alloc) - 6/27 (fetch/transfer)
D/BufferPoolAccessor2.0( 5483): evictor expired: 4, evicted: 4
I/Ads     ( 5483): Ad failed to load : 3
W/cr_MediaCodecBridge( 5483): Releasing: c2.unisoc.vp9.decoder
D/SurfaceUtils( 5483): connecting to surface 0xb400006f24c56810, reason connectToSurface
I/MediaCodec( 5483): [c2.unisoc.vp9.decoder] setting surface generation to 5614606
D/SurfaceUtils( 5483): disconnecting from surface 0xb400006f24c56810, reason connectToSurface(reconnect)
D/SurfaceUtils( 5483): connecting to surface 0xb400006f24c56800, reason connectToSurface(reconnect-with-listener)
D/mali_gralloc( 5483): unregister: id=2a90000155c, handle=0xb400006f4e58c4a0, base=0x0, importpid=5483, clone_count=1
D/mali_gralloc( 5483): unregister: id=2a90000155e, handle=0xb400006f4e589560, base=0x0, importpid=5483, clone_count=1
D/mali_gralloc( 5483): unregister: id=2a90000155f, handle=0xb400006f4e58c580, base=0x0, importpid=5483, clone_count=1
D/mali_gralloc( 5483): unregister: id=2a900001560, handle=0xb400006f25414480, base=0x0, importpid=5483, clone_count=1
D/mali_gralloc( 5483): unregister: id=2a900001562, handle=0xb400006f4ec819a0, base=0x0, importpid=5483, clone_count=1
D/mali_gralloc( 5483): unregister: id=2a900001563, handle=0xb400006f4ec81a80, base=0x0, importpid=5483, clone_count=1
D/mali_gralloc( 5483): unregister: id=2a900001564, handle=0xb400006f4ec82ce0, base=0x0, importpid=5483, clone_count=1
D/mali_gralloc( 5483): unregister: id=2a900001571, handle=0xb400006f4ec83ca0, base=0x0, importpid=5483, clone_count=1
D/mali_gralloc( 5483): unregister: id=2a900001576, handle=0xb400006f4ec843a0, base=0x0, importpid=5483, clone_count=1
D/mali_gralloc( 5483): unregister: id=2a900001578, handle=0xb400006f4ec84720, base=0x0, importpid=5483, clone_count=1
D/mali_gralloc( 5483): unregister: id=2a90000157b, handle=0xb400006f4ec84b80, base=0x0, importpid=5483, clone_count=1
D/Codec2-OutputBufferQueue( 5483): remote graphic buffer migration 0/0
D/Codec2Client( 5483): setOutputSurface -- failed to set consumer usage (6/BAD_INDEX)
D/Codec2Client( 5483): setOutputSurface -- generation=5614606 consumer usage=0x900
D/mali_gralloc( 5483): register: id=2a9000015d4, handle=0xb4000070e9b76e00, importpid=5483
D/mali_gralloc( 5483): unregister: id=2a9000015d4, handle=0xb4000070e9b76e00, base=0x0, importpid=5483, clone_count=0
D/mali_gralloc( 5483): register: id=2a90000155d, handle=0xb4000070e9b76e00, importpid=5483
D/mali_gralloc( 5483): register: id=2a90000156d, handle=0xb4000070969c8c60, importpid=5483
D/mali_gralloc( 5483): register: id=2a90000157c, handle=0xb4000070969c9d00, importpid=5483
D/Codec2Client( 5483): Surface configure completed
D/SurfaceUtils( 5483): disconnecting from surface 0xb400006f05e2a810, reason disconnectFromSurface
D/mali_gralloc( 5483): unregister: id=2a90000155e, handle=0xb400006f4e58c2e0, base=0x0, importpid=5483, clone_count=0
D/mali_gralloc( 5483): unregister: id=2a90000155f, handle=0xb400006f4e58c3c0, base=0x0, importpid=5483, clone_count=0
D/mali_gralloc( 5483): unregister: id=2a900001560, handle=0xb400006f254141e0, base=0x0, importpid=5483, clone_count=0
D/mali_gralloc( 5483): unregister: id=2a900001562, handle=0xb400006f4e58c200, base=0x0, importpid=5483, clone_count=0
D/mali_gralloc( 5483): unregister: id=2a900001563, handle=0xb400006f4e58ad00, base=0x0, importpid=5483, clone_count=0
D/mali_gralloc( 5483): unregister: id=2a900001564, handle=0xb400006f4e58c820, base=0x0, importpid=5483, clone_count=0
D/mali_gralloc( 5483): unregister: id=2a900001571, handle=0xb400006f4ec82a40, base=0x0, importpid=5483, clone_count=0
D/mali_gralloc( 5483): unregister: id=2a900001576, handle=0xb400006f4ec83ae0, base=0x0, importpid=5483, clone_count=0
D/mali_gralloc( 5483): unregister: id=2a900001578, handle=0xb400006f4ec841e0, base=0x0, importpid=5483, clone_count=0
D/mali_gralloc( 5483): unregister: id=2a90000157b, handle=0xb400006f4ec848e0, base=0x0, importpid=5483, clone_count=0
D/mali_gralloc( 5483): unregister: id=2a90000155d, handle=0xb400006f4e58c040, base=0x0, importpid=5483, clone_count=1
D/mali_gralloc( 5483): unregister: id=2a90000156d, handle=0xb400006f4ec81540, base=0x0, importpid=5483, clone_count=1
D/mali_gralloc( 5483): unregister: id=2a90000157c, handle=0xb400006f4ec849c0, base=0x0, importpid=5483, clone_count=1
D/MediaCodec( 5483): [0xb400006f24d0e800] setState: 10
D/SSenseEx( 5483): report data to the sprdssense service,---stop
D/CCodecBufferChannel( 5483): [c2.unisoc.vp9.decoder#162] MediaCodec discarded an unknown buffer
I/Codec2-HalSelection( 5483): selection: hidl
D/CCodecBufferChannel( 5483): [c2.unisoc.vp9.decoder#162] MediaCodec discarded an unknown buffer
D/CCodecBufferChannel( 5483): [c2.unisoc.vp9.decoder#162] MediaCodec discarded an unknown buffer
D/CCodecBufferChannel( 5483): [c2.unisoc.vp9.decoder#162] MediaCodec discarded an unknown buffer
W/cr_MediaCodecBridge( 5483): Codec released
D/MediaCodec( 5483): [0xb400006f24d0e800] setState: 0
D/SurfaceUtils( 5483): disconnecting from surface 0xb400006f24c56810, reason disconnectFromSurface
D/mali_gralloc( 5483): unregister: id=2a90000155d, handle=0xb4000070e9b76e00, base=0x0, importpid=5483, clone_count=0
D/mali_gralloc( 5483): unregister: id=2a90000156d, handle=0xb4000070969c8c60, base=0x0, importpid=5483, clone_count=0
D/mali_gralloc( 5483): unregister: id=2a90000157c, handle=0xb4000070969c9d00, base=0x0, importpid=5483, clone_count=0
I/hw-BpHwBinder( 5483): onLastStrongRef automatically unlinking death recipients
I/Ads     ( 5483): Ad failed to load : 3
D/TextSelection( 5483): onUseCache cache=null
D/BufferPoolAccessor2.0( 5483): bufferpool2 0xb4000067d1e30428 : 4(4194304 size) total buffers - 4(4194304 size) used buffers - 13/19 (recycle/alloc) - 8/19 (fetch/transfer)
D/BufferPoolAccessor2.0( 5483): bufferpool2 0xb400006f061d7c28 : 0(0 size) total buffers - 0(0 size) used buffers - 20/27 (recycle/alloc) - 10/27 (fetch/transfer)
D/BufferPoolAccessor2.0( 5483): evictor expired: 2, evicted: 2
D/BufferPoolAccessor2.0( 5483): bufferpool2 0xb4000067d1e30028 : 0(0 size) total buffers - 0(0 size) used buffers - 20/27 (recycle/alloc) - 9/27 (fetch/transfer)
D/BufferPoolAccessor2.0( 5483): bufferpool2 0xb400006f4e45c428 : 4(4194304 size) total buffers - 4(4194304 size) used buffers - 14/19 (recycle/alloc) - 6/19 (fetch/transfer)
D/BufferPoolAccessor2.0( 5483): evictor expired: 2, evicted: 2
D/BufferPoolAccessor2.0( 5483): bufferpool2 0xb4000070e9b70228 : 5(5242880 size) total buffers - 4(4194304 size) used buffers - 9/14 (recycle/alloc) - 5/10 (fetch/transfer)
D/BufferPoolAccessor2.0( 5483): bufferpool2 0xb400006f24f10628 : 4(4194304 size) total buffers - 4(4194304 size) used buffers - 10/15 (recycle/alloc) - 5/11 (fetch/transfer)
D/BufferPoolAccessor2.0( 5483): evictor expired: 2, evicted: 2
D/TextSelection( 5483): onUseCache cache=null
W/cr_MediaCodecBridge( 5483): Releasing: c2.unisoc.vp9.decoder
D/SurfaceUtils( 5483): connecting to surface 0xb400006fb370a010, reason connectToSurface
I/MediaCodec( 5483): [c2.unisoc.vp9.decoder] setting surface generation to 5614607
D/SurfaceUtils( 5483): disconnecting from surface 0xb400006fb370a010, reason connectToSurface(reconnect)
D/SurfaceUtils( 5483): connecting to surface 0xb400006fb370a000, reason connectToSurface(reconnect-with-listener)
D/mali_gralloc( 5483): unregister: id=2a900001565, handle=0xb400006f4ec81000, base=0x0, importpid=5483, clone_count=1
D/mali_gralloc( 5483): unregister: id=2a900001567, handle=0xb400006f4ec812a0, base=0x0, importpid=5483, clone_count=1
D/mali_gralloc( 5483): unregister: id=2a900001568, handle=0xb400006f4ec81620, base=0x0, importpid=5483, clone_count=1
D/mali_gralloc( 5483): unregister: id=2a900001569, handle=0xb400006f4ec817e0, base=0x0, importpid=5483, clone_count=1
D/mali_gralloc( 5483): unregister: id=2a90000156a, handle=0xb400006f4ec83d80, base=0x0, importpid=5483, clone_count=1
D/mali_gralloc( 5483): unregister: id=2a90000156b, handle=0xb400006f4ec83a00, base=0x0, importpid=5483, clone_count=1
D/mali_gralloc( 5483): unregister: id=2a90000156c, handle=0xb400006f4ec84560, base=0x0, importpid=5483, clone_count=1
D/mali_gralloc( 5483): unregister: id=2a900001579, handle=0xb400006f4ec84c60, base=0x0, importpid=5483, clone_count=1
D/mali_gralloc( 5483): unregister: id=2a90000157d, handle=0xb400006f4ec84f00, base=0x0, importpid=5483, clone_count=1
D/mali_gralloc( 5483): unregister: id=2a90000157f, handle=0xb400006f4ec851a0, base=0x0, importpid=5483, clone_count=1
D/Codec2-OutputBufferQueue( 5483): remote graphic buffer migration 0/0
D/Codec2Client( 5483): setOutputSurface -- failed to set consumer usage (6/BAD_INDEX)
D/Codec2Client( 5483): setOutputSurface -- generation=5614607 consumer usage=0x900
D/mali_gralloc( 5483): register: id=2a9000015d5, handle=0xb4000070969c97c0, importpid=5483
D/mali_gralloc( 5483): unregister: id=2a9000015d5, handle=0xb4000070969c97c0, base=0x0, importpid=5483, clone_count=0
D/mali_gralloc( 5483): register: id=2a900001566, handle=0xb4000070969c97c0, importpid=5483
D/mali_gralloc( 5483): register: id=2a900001577, handle=0xb400007096d23140, importpid=5483
D/mali_gralloc( 5483): register: id=2a900001580, handle=0xb400007096d23220, importpid=5483
D/Codec2Client( 5483): Surface configure completed
D/SurfaceUtils( 5483): disconnecting from surface 0xb400006f4e500010, reason disconnectFromSurface
D/mali_gralloc( 5483): unregister: id=2a900001567, handle=0xb400006f4e58cf20, base=0x0, importpid=5483, clone_count=0
D/mali_gralloc( 5483): unregister: id=2a900001568, handle=0xb400006f25414560, base=0x0, importpid=5483, clone_count=0
D/mali_gralloc( 5483): unregister: id=2a900001569, handle=0xb400006f4ec811c0, base=0x0, importpid=5483, clone_count=0
D/mali_gralloc( 5483): unregister: id=2a90000156a, handle=0xb400006f4ec81460, base=0x0, importpid=5483, clone_count=0
D/mali_gralloc( 5483): unregister: id=2a90000156b, handle=0xb400006f4ec81700, base=0x0, importpid=5483, clone_count=0
D/mali_gralloc( 5483): unregister: id=2a90000156c, handle=0xb400006f4e58ce40, base=0x0, importpid=5483, clone_count=0
D/mali_gralloc( 5483): unregister: id=2a900001579, handle=0xb400006f4ec84020, base=0x0, importpid=5483, clone_count=0
D/mali_gralloc( 5483): unregister: id=2a90000157d, handle=0xb400006f4ec84aa0, base=0x0, importpid=5483, clone_count=0
D/mali_gralloc( 5483): unregister: id=2a90000157f, handle=0xb400006f4ec84fe0, base=0x0, importpid=5483, clone_count=0
D/mali_gralloc( 5483): unregister: id=2a900001566, handle=0xb400006f4e58cd60, base=0x0, importpid=5483, clone_count=1
D/mali_gralloc( 5483): unregister: id=2a900001577, handle=0xb400006f4ec83e60, base=0x0, importpid=5483, clone_count=1
D/mali_gralloc( 5483): unregister: id=2a900001580, handle=0xb400006f4ec850c0, base=0x0, importpid=5483, clone_count=1
D/MediaCodec( 5483): [0xb400006f05e35000] setState: 10
D/SSenseEx( 5483): report data to the sprdssense service,---stop
D/CCodecBufferChannel( 5483): [c2.unisoc.vp9.decoder#110] MediaCodec discarded an unknown buffer
D/CCodecBufferChannel( 5483): [c2.unisoc.vp9.decoder#110] MediaCodec discarded an unknown buffer
I/Codec2-HalSelection( 5483): selection: hidl
D/CCodecBufferChannel( 5483): [c2.unisoc.vp9.decoder#110] MediaCodec discarded an unknown buffer
D/CCodecBufferChannel( 5483): [c2.unisoc.vp9.decoder#110] MediaCodec discarded an unknown buffer
W/cr_MediaCodecBridge( 5483): Codec released
D/MediaCodec( 5483): [0xb400006f05e35000] setState: 0
D/SurfaceUtils( 5483): disconnecting from surface 0xb400006fb370a010, reason disconnectFromSurface
I/hw-BpHwBinder( 5483): onLastStrongRef automatically unlinking death recipients
D/mali_gralloc( 5483): unregister: id=2a900001566, handle=0xb4000070969c97c0, base=0x0, importpid=5483, clone_count=0
D/mali_gralloc( 5483): unregister: id=2a900001577, handle=0xb400007096d23140, base=0x0, importpid=5483, clone_count=0
D/mali_gralloc( 5483): unregister: id=2a900001580, handle=0xb400007096d23220, base=0x0, importpid=5483, clone_count=0
D/BufferPoolAccessor2.0( 5483): bufferpool2 0xb400006f24c2d428 : 0(0 size) total buffers - 0(0 size) used buffers - 9/14 (recycle/alloc) - 5/10 (fetch/transfer)
W/cr_MediaCodecBridge( 5483): Releasing: c2.unisoc.vp9.decoder
D/SurfaceUtils( 5483): connecting to surface 0xb400006fb370a010, reason connectToSurface
I/MediaCodec( 5483): [c2.unisoc.vp9.decoder] setting surface generation to 5614608
D/SurfaceUtils( 5483): disconnecting from surface 0xb400006fb370a010, reason connectToSurface(reconnect)
D/SurfaceUtils( 5483): connecting to surface 0xb400006fb370a000, reason connectToSurface(reconnect-with-listener)
D/mali_gralloc( 5483): unregister: id=2a90000156e, handle=0xb400006f4ec81fc0, base=0x0, importpid=5483, clone_count=1
D/mali_gralloc( 5483): unregister: id=2a900001570, handle=0xb400006f4ec83220, base=0x0, importpid=5483, clone_count=1
D/mali_gralloc( 5483): unregister: id=2a900001572, handle=0xb400006f4ec83680, base=0x0, importpid=5483, clone_count=1
D/mali_gralloc( 5483): unregister: id=2a900001573, handle=0xb400006f4ec84640, base=0x0, importpid=5483, clone_count=1
D/mali_gralloc( 5483): unregister: id=2a900001574, handle=0xb400006f4ec83f40, base=0x0, importpid=5483, clone_count=1
D/mali_gralloc( 5483): unregister: id=2a900001575, handle=0xb400006f4ec84e20, base=0x0, importpid=5483, clone_count=1
D/mali_gralloc( 5483): unregister: id=2a90000157a, handle=0xb400006f4ec856e0, base=0x0, importpid=5483, clone_count=1
D/mali_gralloc( 5483): unregister: id=2a90000157e, handle=0xb400006f4ec85360, base=0x0, importpid=5483, clone_count=1
D/mali_gralloc( 5483): unregister: id=2a900001581, handle=0xb400006f4ec85440, base=0x0, importpid=5483, clone_count=1
D/Codec2-OutputBufferQueue( 5483): remote graphic buffer migration 0/0
D/Codec2Client( 5483): setOutputSurface -- failed to set consumer usage (6/BAD_INDEX)
D/Codec2Client( 5483): setOutputSurface -- generation=5614608 consumer usage=0x900
D/mali_gralloc( 5483): register: id=2a9000015d6, handle=0xb4000070969c9c20, importpid=5483
D/mali_gralloc( 5483): unregister: id=2a9000015d6, handle=0xb4000070969c9c20, base=0x0, importpid=5483, clone_count=0
D/mali_gralloc( 5483): register: id=2a90000156f, handle=0xb4000070969c9c20, importpid=5483
D/mali_gralloc( 5483): register: id=2a900001582, handle=0xb400007096d21620, importpid=5483
D/mali_gralloc( 5483): register: id=2a900001583, handle=0xb400007096d22500, importpid=5483
D/Codec2Client( 5483): Surface configure completed
D/SurfaceUtils( 5483): disconnecting from surface 0xb400006f4e502810, reason disconnectFromSurface
D/mali_gralloc( 5483): unregister: id=2a900001570, handle=0xb400006f4ec81ee0, base=0x0, importpid=5483, clone_count=0
D/mali_gralloc( 5483): unregister: id=2a900001572, handle=0xb400006f4ec82b20, base=0x0, importpid=5483, clone_count=0
D/mali_gralloc( 5483): unregister: id=2a900001574, handle=0xb400006f4ec83760, base=0x0, importpid=5483, clone_count=0
D/mali_gralloc( 5483): unregister: id=2a900001573, handle=0xb400006f4ec82f80, base=0x0, importpid=5483, clone_count=0
D/mali_gralloc( 5483): unregister: id=2a900001575, handle=0xb400006f4ec83920, base=0x0, importpid=5483, clone_count=0
D/mali_gralloc( 5483): unregister: id=2a90000157e, handle=0xb400006f4ec84d40, base=0x0, importpid=5483, clone_count=0
D/mali_gralloc( 5483): unregister: id=2a900001581, handle=0xb400006f4ec85280, base=0x0, importpid=5483, clone_count=0
D/mali_gralloc( 5483): unregister: id=2a90000157a, handle=0xb400006f4ec818c0, base=0x0, importpid=5483, clone_count=0
D/mali_gralloc( 5483): unregister: id=2a90000156f, handle=0xb400006f4ec81e00, base=0x0, importpid=5483, clone_count=1
D/mali_gralloc( 5483): unregister: id=2a900001582, handle=0xb400006f4ec84480, base=0x0, importpid=5483, clone_count=1
D/mali_gralloc( 5483): unregister: id=2a900001583, handle=0xb400006f4ec85600, base=0x0, importpid=5483, clone_count=1
D/MediaCodec( 5483): [0xb400006f05e36800] setState: 10
D/SSenseEx( 5483): report data to the sprdssense service,---stop
D/CCodecBufferChannel( 5483): [c2.unisoc.vp9.decoder#585] MediaCodec discarded an unknown buffer
D/CCodecBufferChannel( 5483): [c2.unisoc.vp9.decoder#585] MediaCodec discarded an unknown buffer
I/Codec2-HalSelection( 5483): selection: hidl
D/CCodecBufferChannel( 5483): [c2.unisoc.vp9.decoder#585] MediaCodec discarded an unknown buffer
D/CCodecBufferChannel( 5483): [c2.unisoc.vp9.decoder#585] MediaCodec discarded an unknown buffer
W/cr_MediaCodecBridge( 5483): Codec released
D/MediaCodec( 5483): [0xb400006f05e36800] setState: 0
I/hw-BpHwBinder( 5483): onLastStrongRef automatically unlinking death recipients
D/SurfaceUtils( 5483): disconnecting from surface 0xb400006fb370a010, reason disconnectFromSurface
D/mali_gralloc( 5483): unregister: id=2a90000156f, handle=0xb4000070969c9c20, base=0x0, importpid=5483, clone_count=0
D/mali_gralloc( 5483): unregister: id=2a900001582, handle=0xb400007096d21620, base=0x0, importpid=5483, clone_count=0
D/mali_gralloc( 5483): unregister: id=2a900001583, handle=0xb400007096d22500, base=0x0, importpid=5483, clone_count=0
D/BufferPoolAccessor2.0( 5483): bufferpool2 0xb400006f24d0a228 : 0(0 size) total buffers - 0(0 size) used buffers - 8/13 (recycle/alloc) - 5/9 (fetch/transfer)
D/BufferPoolAccessor2.0( 5483): bufferpool2 0xb400006f252f1e28 : 0(0 size) total buffers - 0(0 size) used buffers - 9/15 (recycle/alloc) - 6/11 (fetch/transfer)
D/BufferPoolAccessor2.0( 5483): evictor expired: 1, evicted: 1
W/cr_MediaCodecBridge( 5483): Releasing: c2.unisoc.vp9.decoder
D/SurfaceUtils( 5483): connecting to surface 0xb400006fb370a010, reason connectToSurface
I/MediaCodec( 5483): [c2.unisoc.vp9.decoder] setting surface generation to 5614609
D/SurfaceUtils( 5483): disconnecting from surface 0xb400006fb370a010, reason connectToSurface(reconnect)
D/SurfaceUtils( 5483): connecting to surface 0xb400006fb370a000, reason connectToSurface(reconnect-with-listener)
D/mali_gralloc( 5483): unregister: id=2a900001529, handle=0xb400006f25415ec0, base=0x0, importpid=5483, clone_count=1
D/mali_gralloc( 5483): unregister: id=2a90000152b, handle=0xb400006f25415a60, base=0x0, importpid=5483, clone_count=1
D/mali_gralloc( 5483): unregister: id=2a90000152c, handle=0xb400006f25416940, base=0x0, importpid=5483, clone_count=1
D/mali_gralloc( 5483): unregister: id=2a90000152d, handle=0xb400006f25416a20, base=0x0, importpid=5483, clone_count=1
D/mali_gralloc( 5483): unregister: id=2a90000152f, handle=0xb400006f25415280, base=0x0, importpid=5483, clone_count=1
D/mali_gralloc( 5483): unregister: id=2a900001530, handle=0xb400006f254150c0, base=0x0, importpid=5483, clone_count=1
D/mali_gralloc( 5483): unregister: id=2a900001531, handle=0xb400006f25413d80, base=0x0, importpid=5483, clone_count=1
D/mali_gralloc( 5483): unregister: id=2a900001542, handle=0xb400006f25413e60, base=0x0, importpid=5483, clone_count=1
D/mali_gralloc( 5483): unregister: id=2a900001543, handle=0xb400006f4e58be80, base=0x0, importpid=5483, clone_count=1
D/mali_gralloc( 5483): unregister: id=2a900001544, handle=0xb400006f4e58b320, base=0x0, importpid=5483, clone_count=1
D/mali_gralloc( 5483): unregister: id=2a900001558, handle=0xb400006f4e58bda0, base=0x0, importpid=5483, clone_count=1
D/mali_gralloc( 5483): unregister: id=2a90000155a, handle=0xb400006f25415d00, base=0x0, importpid=5483, clone_count=1
D/Codec2-OutputBufferQueue( 5483): remote graphic buffer migration 0/0
D/Codec2Client( 5483): setOutputSurface -- failed to set consumer usage (6/BAD_INDEX)
D/Codec2Client( 5483): setOutputSurface -- generation=5614609 consumer usage=0x900
D/mali_gralloc( 5483): register: id=2a9000015d7, handle=0xb4000070969c8f00, importpid=5483
D/mali_gralloc( 5483): unregister: id=2a9000015d7, handle=0xb4000070969c8f00, base=0x0, importpid=5483, clone_count=0
D/mali_gralloc( 5483): register: id=2a90000152a, handle=0xb4000070969c8f00, importpid=5483
D/mali_gralloc( 5483): register: id=2a900001559, handle=0xb4000070969c9440, importpid=5483
D/mali_gralloc( 5483): register: id=2a90000155b, handle=0xb4000070969c9d00, importpid=5483
D/Codec2Client( 5483): Surface configure completed
D/SurfaceUtils( 5483): disconnecting from surface 0xb400006f4e4a4010, reason disconnectFromSurface
D/mali_gralloc( 5483): unregister: id=2a90000152b, handle=0xb400006f254164e0, base=0x0, importpid=5483, clone_count=0
D/mali_gralloc( 5483): unregister: id=2a90000152c, handle=0xb400006f25416160, base=0x0, importpid=5483, clone_count=0
D/mali_gralloc( 5483): unregister: id=2a90000152d, handle=0xb400006f25415b40, base=0x0, importpid=5483, clone_count=0
D/mali_gralloc( 5483): unregister: id=2a90000152f, handle=0xb400006f25416780, base=0x0, importpid=5483, clone_count=0
D/mali_gralloc( 5483): unregister: id=2a900001530, handle=0xb400006f25416860, base=0x0, importpid=5483, clone_count=0
D/mali_gralloc( 5483): unregister: id=2a900001531, handle=0xb400006f25416b00, base=0x0, importpid=5483, clone_count=0
D/mali_gralloc( 5483): unregister: id=2a900001542, handle=0xb400006f25415440, base=0x0, importpid=5483, clone_count=0
D/mali_gralloc( 5483): unregister: id=2a900001543, handle=0xb400006f25415c20, base=0x0, importpid=5483, clone_count=0
D/mali_gralloc( 5483): unregister: id=2a900001544, handle=0xb400006f25415520, base=0x0, importpid=5483, clone_count=0
D/mali_gralloc( 5483): unregister: id=2a900001558, handle=0xb400006f25413300, base=0x0, importpid=5483, clone_count=0
D/mali_gralloc( 5483): unregister: id=2a90000155a, handle=0xb400006f4e58ba20, base=0x0, importpid=5483, clone_count=0
D/mali_gralloc( 5483): unregister: id=2a90000152a, handle=0xb400006fb36dcf20, base=0x0, importpid=5483, clone_count=1
D/mali_gralloc( 5483): unregister: id=2a900001559, handle=0xb400006f4e58b240, base=0x0, importpid=5483, clone_count=1
D/mali_gralloc( 5483): unregister: id=2a90000155b, handle=0xb400006f4e58b400, base=0x0, importpid=5483, clone_count=1
D/MediaCodec( 5483): [0xb400006f24bff800] setState: 10
D/SSenseEx( 5483): report data to the sprdssense service,---stop
I/Codec2-HalSelection( 5483): selection: hidl
D/CCodecBufferChannel( 5483): [c2.unisoc.vp9.decoder#508] MediaCodec discarded an unknown buffer
D/CCodecBufferChannel( 5483): [c2.unisoc.vp9.decoder#508] MediaCodec discarded an unknown buffer
D/CCodecBufferChannel( 5483): [c2.unisoc.vp9.decoder#508] MediaCodec discarded an unknown buffer
D/CCodecBufferChannel( 5483): [c2.unisoc.vp9.decoder#508] MediaCodec discarded an unknown buffer
W/cr_MediaCodecBridge( 5483): Codec released
D/MediaCodec( 5483): [0xb400006f24bff800] setState: 0
I/hw-BpHwBinder( 5483): onLastStrongRef automatically unlinking death recipients
D/SurfaceUtils( 5483): disconnecting from surface 0xb400006fb370a010, reason disconnectFromSurface
D/mali_gralloc( 5483): unregister: id=2a90000152a, handle=0xb4000070969c8f00, base=0x0, importpid=5483, clone_count=0
D/mali_gralloc( 5483): unregister: id=2a900001559, handle=0xb4000070969c9440, base=0x0, importpid=5483, clone_count=0
D/mali_gralloc( 5483): unregister: id=2a90000155b, handle=0xb4000070969c9d00, base=0x0, importpid=5483, clone_count=0
D/BufferPoolAccessor2.0( 5483): bufferpool2 0xb400006f8fdeb428 : 0(0 size) total buffers - 0(0 size) used buffers - 10/16 (recycle/alloc) - 10/12 (fetch/transfer)
D/TextSelection( 5483): onUseCache cache=null
D/TextSelection( 5483): onUseCache cache=null
D/BufferPoolAccessor2.0( 5483): bufferpool2 0xb400006f24c2d428 : 0(0 size) total buffers - 0(0 size) used buffers - 9/14 (recycle/alloc) - 5/10 (fetch/transfer)
D/BufferPoolAccessor2.0( 5483): bufferpool2 0xb400006f24d0a228 : 0(0 size) total buffers - 0(0 size) used buffers - 8/13 (recycle/alloc) - 5/9 (fetch/transfer)
D/BufferPoolAccessor2.0( 5483): evictor expired: 2, evicted: 2
D/TextSelection( 5483): onUseCache cache=null
D/BufferPoolAccessor2.0( 5483): bufferpool2 0xb400006f8fdeb428 : 0(0 size) total buffers - 0(0 size) used buffers - 10/16 (recycle/alloc) - 10/12 (fetch/transfer)
D/BufferPoolAccessor2.0( 5483): evictor expired: 1, evicted: 1
W/cr_MediaCodecBridge( 5483): Releasing: c2.unisoc.vp9.decoder
D/SurfaceUtils( 5483): connecting to surface 0xb400006fb969a810, reason connectToSurface
I/MediaCodec( 5483): [c2.unisoc.vp9.decoder] setting surface generation to 5614610
D/SurfaceUtils( 5483): disconnecting from surface 0xb400006fb969a810, reason connectToSurface(reconnect)
D/SurfaceUtils( 5483): connecting to surface 0xb400006fb969a800, reason connectToSurface(reconnect-with-listener)
D/mali_gralloc( 5483): unregister: id=2a9000015b8, handle=0xb400006f252ab660, base=0x0, importpid=5483, clone_count=1
D/mali_gralloc( 5483): unregister: id=2a9000015ba, handle=0xb400007096d22880, base=0x0, importpid=5483, clone_count=1
D/mali_gralloc( 5483): unregister: id=2a9000015bb, handle=0xb400006f252a7d80, base=0x0, importpid=5483, clone_count=1
D/mali_gralloc( 5483): unregister: id=2a9000015bc, handle=0xb400006f4e58ade0, base=0x0, importpid=5483, clone_count=1
D/mali_gralloc( 5483): unregister: id=2a9000015bd, handle=0xb400006f4e6d60e0, base=0x0, importpid=5483, clone_count=1
D/mali_gralloc( 5483): unregister: id=2a9000015be, handle=0xb400006f4e6d6540, base=0x0, importpid=5483, clone_count=1
D/mali_gralloc( 5483): unregister: id=2a9000015bf, handle=0xb400006f4e6d6a80, base=0x0, importpid=5483, clone_count=1
D/mali_gralloc( 5483): unregister: id=2a9000015c0, handle=0xb400006f252a88e0, base=0x0, importpid=5483, clone_count=1
D/mali_gralloc( 5483): unregister: id=2a9000015c1, handle=0xb400006f4e6d6e00, base=0x0, importpid=5483, clone_count=1
D/mali_gralloc( 5483): unregister: id=2a9000015c2, handle=0xb400006f4e6d6b60, base=0x0, importpid=5483, clone_count=1
D/mali_gralloc( 5483): unregister: id=2a9000015c3, handle=0xb400006f4e6d7340, base=0x0, importpid=5483, clone_count=1
D/Codec2-OutputBufferQueue( 5483): remote graphic buffer migration 0/0
D/Codec2Client( 5483): setOutputSurface -- failed to set consumer usage (6/BAD_INDEX)
D/Codec2Client( 5483): setOutputSurface -- generation=5614610 consumer usage=0x900
D/mali_gralloc( 5483): register: id=2a9000015d8, handle=0xb4000070e9b79100, importpid=5483
D/mali_gralloc( 5483): unregister: id=2a9000015d8, handle=0xb4000070e9b79100, base=0x0, importpid=5483, clone_count=0
D/mali_gralloc( 5483): register: id=2a9000015b9, handle=0xb4000070e9b79100, importpid=5483
D/mali_gralloc( 5483): register: id=2a9000015c4, handle=0xb4000070e9b79aa0, importpid=5483
D/mali_gralloc( 5483): register: id=2a9000015c5, handle=0xb4000070e9b769a0, importpid=5483
D/Codec2Client( 5483): Surface configure completed
D/SurfaceUtils( 5483): disconnecting from surface 0xb400006f8fd36010, reason disconnectFromSurface
D/mali_gralloc( 5483): unregister: id=2a9000015ba, handle=0xb400006f252aa4e0, base=0x0, importpid=5483, clone_count=0
D/mali_gralloc( 5483): unregister: id=2a9000015bb, handle=0xb400006f4e6d6000, base=0x0, importpid=5483, clone_count=0
D/mali_gralloc( 5483): unregister: id=2a9000015bc, handle=0xb400006f252a9ec0, base=0x0, importpid=5483, clone_count=0
D/mali_gralloc( 5483): unregister: id=2a9000015bd, handle=0xb400006f252ab580, base=0x0, importpid=5483, clone_count=0
D/mali_gralloc( 5483): unregister: id=2a9000015be, handle=0xb400006f4e58b940, base=0x0, importpid=5483, clone_count=0
D/mali_gralloc( 5483): unregister: id=2a9000015bf, handle=0xb400006f4e6d61c0, base=0x0, importpid=5483, clone_count=0
D/mali_gralloc( 5483): unregister: id=2a9000015c0, handle=0xb400006f4e589f00, base=0x0, importpid=5483, clone_count=0
D/mali_gralloc( 5483): unregister: id=2a9000015c1, handle=0xb400007096d21c40, base=0x0, importpid=5483, clone_count=0
D/mali_gralloc( 5483): unregister: id=2a9000015c2, handle=0xb400006f252a82c0, base=0x0, importpid=5483, clone_count=0
D/mali_gralloc( 5483): unregister: id=2a9000015c3, handle=0xb400006f4e6d6d20, base=0x0, importpid=5483, clone_count=0
D/mali_gralloc( 5483): unregister: id=2a9000015b9, handle=0xb400006f4e58bb00, base=0x0, importpid=5483, clone_count=1
D/mali_gralloc( 5483): unregister: id=2a9000015c4, handle=0xb400006f4e6d6ee0, base=0x0, importpid=5483, clone_count=1
D/mali_gralloc( 5483): unregister: id=2a9000015c5, handle=0xb400006f4e6d70a0, base=0x0, importpid=5483, clone_count=1
D/MediaCodec( 5483): [0xb400006f4e74e000] setState: 10
D/SSenseEx( 5483): report data to the sprdssense service,---stop
D/CCodecBufferChannel( 5483): [c2.unisoc.vp9.decoder#588] MediaCodec discarded an unknown buffer
I/Codec2-HalSelection( 5483): selection: hidl
D/CCodecBufferChannel( 5483): [c2.unisoc.vp9.decoder#588] MediaCodec discarded an unknown buffer
D/CCodecBufferChannel( 5483): [c2.unisoc.vp9.decoder#588] MediaCodec discarded an unknown buffer
D/CCodecBufferChannel( 5483): [c2.unisoc.vp9.decoder#588] MediaCodec discarded an unknown buffer
W/cr_MediaCodecBridge( 5483): Codec released
D/MediaCodec( 5483): [0xb400006f4e74e000] setState: 0
D/SurfaceUtils( 5483): disconnecting from surface 0xb400006fb969a810, reason disconnectFromSurface
D/mali_gralloc( 5483): unregister: id=2a9000015b9, handle=0xb4000070e9b79100, base=0x0, importpid=5483, clone_count=0
I/hw-BpHwBinder( 5483): onLastStrongRef automatically unlinking death recipients
D/mali_gralloc( 5483): unregister: id=2a9000015c4, handle=0xb4000070e9b79aa0, base=0x0, importpid=5483, clone_count=0
D/mali_gralloc( 5483): unregister: id=2a9000015c5, handle=0xb4000070e9b769a0, base=0x0, importpid=5483, clone_count=0
D/BufferPoolAccessor2.0( 5483): bufferpool2 0xb400006f24f10628 : 0(0 size) total buffers - 0(0 size) used buffers - 10/15 (recycle/alloc) - 5/11 (fetch/transfer)
W/cr_MediaCodecBridge( 5483): Releasing: c2.unisoc.vp9.decoder
D/SurfaceUtils( 5483): connecting to surface 0xb400006fb969a810, reason connectToSurface
I/MediaCodec( 5483): [c2.unisoc.vp9.decoder] setting surface generation to 5614611
D/SurfaceUtils( 5483): disconnecting from surface 0xb400006fb969a810, reason connectToSurface(reconnect)
D/SurfaceUtils( 5483): connecting to surface 0xb400006fb969a800, reason connectToSurface(reconnect-with-listener)
D/mali_gralloc( 5483): unregister: id=2a9000015c7, handle=0xb400006f4e6d7ce0, base=0x0, importpid=5483, clone_count=1
D/mali_gralloc( 5483): unregister: id=2a9000015c9, handle=0xb400006f4e6d85a0, base=0x0, importpid=5483, clone_count=1
D/mali_gralloc( 5483): unregister: id=2a9000015ca, handle=0xb400006f4e6d8920, base=0x0, importpid=5483, clone_count=1
D/mali_gralloc( 5483): unregister: id=2a9000015cb, handle=0xb400006f4e6d8bc0, base=0x0, importpid=5483, clone_count=1
D/mali_gralloc( 5483): unregister: id=2a9000015cc, handle=0xb400006f4e6d69a0, base=0x0, importpid=5483, clone_count=1
D/mali_gralloc( 5483): unregister: id=2a9000015cd, handle=0xb400006f4e6d7f80, base=0x0, importpid=5483, clone_count=1
D/mali_gralloc( 5483): unregister: id=2a9000015ce, handle=0xb400006f4e6d8220, base=0x0, importpid=5483, clone_count=1
D/mali_gralloc( 5483): unregister: id=2a9000015d0, handle=0xb400006f4e6d84c0, base=0x0, importpid=5483, clone_count=1
D/mali_gralloc( 5483): unregister: id=2a9000015d1, handle=0xb400006f4e6d9720, base=0x0, importpid=5483, clone_count=1
D/mali_gralloc( 5483): unregister: id=2a9000015d2, handle=0xb400006f4e6d98e0, base=0x0, importpid=5483, clone_count=1
D/Codec2-OutputBufferQueue( 5483): remote graphic buffer migration 0/0
D/Codec2Client( 5483): setOutputSurface -- failed to set consumer usage (6/BAD_INDEX)
D/Codec2Client( 5483): setOutputSurface -- generation=5614611 consumer usage=0x900
D/mali_gralloc( 5483): register: id=2a9000015d9, handle=0xb4000070e9b76c40, importpid=5483
D/mali_gralloc( 5483): unregister: id=2a9000015d9, handle=0xb4000070e9b76c40, base=0x0, importpid=5483, clone_count=0
D/mali_gralloc( 5483): register: id=2a9000015c8, handle=0xb4000070e9b76c40, importpid=5483
D/mali_gralloc( 5483): register: id=2a9000015cf, handle=0xb4000070e9b7a0c0, importpid=5483
D/mali_gralloc( 5483): register: id=2a9000015d3, handle=0xb4000070e9b7a360, importpid=5483
D/Codec2Client( 5483): Surface configure completed
D/SurfaceUtils( 5483): disconnecting from surface 0xb400006f24a7a010, reason disconnectFromSurface
D/mali_gralloc( 5483): unregister: id=2a9000015c9, handle=0xb400006f4e6d7b20, base=0x0, importpid=5483, clone_count=0
D/mali_gralloc( 5483): unregister: id=2a9000015ca, handle=0xb400006f4e6d8300, base=0x0, importpid=5483, clone_count=0
D/mali_gralloc( 5483): unregister: id=2a9000015cb, handle=0xb400006f4e6d8680, base=0x0, importpid=5483, clone_count=0
D/mali_gralloc( 5483): unregister: id=2a9000015cc, handle=0xb400006f4e6d8a00, base=0x0, importpid=5483, clone_count=0
D/mali_gralloc( 5483): unregister: id=2a9000015cd, handle=0xb400006f4e6d8ae0, base=0x0, importpid=5483, clone_count=0
D/mali_gralloc( 5483): unregister: id=2a9000015ce, handle=0xb400006f4e6d8d80, base=0x0, importpid=5483, clone_count=0
D/mali_gralloc( 5483): unregister: id=2a9000015d0, handle=0xb400006f4e6d6c40, base=0x0, importpid=5483, clone_count=0
D/mali_gralloc( 5483): unregister: id=2a9000015d1, handle=0xb400006f4e6d7420, base=0x0, importpid=5483, clone_count=0
D/mali_gralloc( 5483): unregister: id=2a9000015d2, handle=0xb400006f4e6d83e0, base=0x0, importpid=5483, clone_count=0
D/mali_gralloc( 5483): unregister: id=2a9000015c8, handle=0xb400006f4e6d7960, base=0x0, importpid=5483, clone_count=1
D/mali_gralloc( 5483): unregister: id=2a9000015cf, handle=0xb400006f4e6d68c0, base=0x0, importpid=5483, clone_count=1
D/mali_gralloc( 5483): unregister: id=2a9000015d3, handle=0xb400006f4e6d9560, base=0x0, importpid=5483, clone_count=1
D/MediaCodec( 5483): [0xb400006f4e6ee800] setState: 10
D/SSenseEx( 5483): report data to the sprdssense service,---stop
D/CCodecBufferChannel( 5483): [c2.unisoc.vp9.decoder#88] MediaCodec discarded an unknown buffer
D/CCodecBufferChannel( 5483): [c2.unisoc.vp9.decoder#88] MediaCodec discarded an unknown buffer
D/CCodecBufferChannel( 5483): [c2.unisoc.vp9.decoder#88] MediaCodec discarded an unknown buffer
I/Codec2-HalSelection( 5483): selection: hidl
D/CCodecBufferChannel( 5483): [c2.unisoc.vp9.decoder#88] MediaCodec discarded an unknown buffer
W/cr_MediaCodecBridge( 5483): Codec released
D/MediaCodec( 5483): [0xb400006f4e6ee800] setState: 0
D/SurfaceUtils( 5483): disconnecting from surface 0xb400006fb969a810, reason disconnectFromSurface
D/mali_gralloc( 5483): unregister: id=2a9000015c8, handle=0xb4000070e9b76c40, base=0x0, importpid=5483, clone_count=0
D/mali_gralloc( 5483): unregister: id=2a9000015cf, handle=0xb4000070e9b7a0c0, base=0x0, importpid=5483, clone_count=0
I/hw-BpHwBinder( 5483): onLastStrongRef automatically unlinking death recipients
D/mali_gralloc( 5483): unregister: id=2a9000015d3, handle=0xb4000070e9b7a360, base=0x0, importpid=5483, clone_count=0
D/BufferPoolAccessor2.0( 5483): bufferpool2 0xb4000070e9b70228 : 0(0 size) total buffers - 0(0 size) used buffers - 9/14 (recycle/alloc) - 5/10 (fetch/transfer)
Another exception was thrown: 'package:flutter/src/widgets/viewport.dart': Failed assertion: line 262 pos 12: '!_doingMountOrUpdate': is not true.
Another exception was thrown: Duplicate GlobalKey detected in widget tree.
I/flutter ( 5483): Received heartbeat response from realtime server
D/TextSelection( 5483): onUseCache cache=null
D/TextSelection( 5483): onUseCache cache=null
D/BufferPoolAccessor2.0( 5483): bufferpool2 0xb4000070e9b70228 : 0(0 size) total buffers - 0(0 size) used buffers - 9/14 (recycle/alloc) - 5/10 (fetch/transfer)
D/BufferPoolAccessor2.0( 5483): bufferpool2 0xb400006f24f10628 : 0(0 size) total buffers - 0(0 size) used buffers - 10/15 (recycle/alloc) - 5/11 (fetch/transfer)
D/BufferPoolAccessor2.0( 5483): evictor expired: 2, evicted: 2
Another exception was thrown: 'package:flutter/src/widgets/framework.dart': Failed assertion: line 2168 pos 12: '_elements.contains(element)': is not true.
Another exception was thrown: 'package:flutter/src/widgets/framework.dart': Failed assertion: line 2168 pos 12: '_elements.contains(element)': is not true.
D/TextSelection( 5483): onUseCache cache=null
D/TextSelection( 5483): onUseCache cache=null
I/flutter ( 5483): Received heartbeat response from realtime server
I/Ads     ( 5483): Ad failed to load : 0
I/ExoPlayerImpl( 5483): Release 6540513 [AndroidXMedia3/1.9.0] [TECNO-KM4, TECNO KM4, TECNO, 35] [media3.common, media3.exoplayer, media3.decoder, media3.datasource, media3.extractor]
D/MediaCodec( 5483): [0xb400006f4e56e000] setState: 7
D/CCodecBuffers( 5483): [c2.android.aac.decoder#883:1D-Output.Impl[N]] Client returned a buffer it does not own according to our record: 0
D/CCodecBuffers( 5483): [c2.android.aac.decoder#883:1D-Output.Impl[N]] Client returned a buffer it does not own according to our record: 1
D/CCodecBuffers( 5483): [c2.android.aac.decoder#883:1D-Output.Impl[N]] Client returned a buffer it does not own according to our record: 2
D/CCodecBuffers( 5483): [c2.android.aac.decoder#883:1D-Output.Impl[N]] Client returned a buffer it does not own according to our record: 3
D/MediaCodec( 5483): [0xb400006f4e56e000] setState: 8
D/MediaCodec( 5483): keep callback message for reclaim
D/MediaCodec( 5483): [0xb400006f4e56e000] setState: 6
I/CCodecConfig( 5483): query failed after returning 21 values (BAD_INDEX)
D/BufferPoolAccessor2.0( 5483): bufferpool2 0xb400006fb33b3c28 : 1(8192 size) total buffers - 1(8192 size) used buffers - 21/28 (recycle/alloc) - 6/27 (fetch/transfer)
W/Codec2Client( 5483): query -- param skipped: index = 1342179345.
W/Codec2Client( 5483): query -- param skipped: index = 2415921170.
W/Codec2Client( 5483): query -- param skipped: index = 1610614798.
D/MediaCodec( 5483): [0xb400006f4e56f800] setState: 7
I/AudioTrack( 5483): stop(151): prior state:STATE_FLUSHED
D/BufferPoolAccessor2.0( 5483): bufferpool2 0xb400006fb33b3028 : 0(0 size) total buffers - 0(0 size) used buffers - 20/26 (recycle/alloc) - 6/26 (fetch/transfer)
D/BufferPoolAccessor2.0( 5483): bufferpool2 0xb400006f25457428 : 4(4194304 size) total buffers - 4(4194304 size) used buffers - 14/19 (recycle/alloc) - 5/19 (fetch/transfer)
D/BufferPoolAccessor2.0( 5483): bufferpool2 0xb400006f4e2d6428 : 0(0 size) total buffers - 0(0 size) used buffers - 21/27 (recycle/alloc) - 6/27 (fetch/transfer)
D/BufferPoolAccessor2.0( 5483): bufferpool2 0xb400006f4e2d6c28 : 4(4194304 size) total buffers - 4(4194304 size) used buffers - 14/19 (recycle/alloc) - 5/19 (fetch/transfer)
D/BufferPoolAccessor2.0( 5483): bufferpool2 0xb400006f252f1028 : 4(4194304 size) total buffers - 4(4194304 size) used buffers - 14/19 (recycle/alloc) - 5/19 (fetch/transfer)
D/BufferPoolAccessor2.0( 5483): bufferpool2 0xb400006fb3638a28 : 0(0 size) total buffers - 0(0 size) used buffers - 21/27 (recycle/alloc) - 8/27 (fetch/transfer)
D/BufferPoolAccessor2.0( 5483): bufferpool2 0xb400006f24c2ca28 : 4(4194304 size) total buffers - 4(4194304 size) used buffers - 14/19 (recycle/alloc) - 5/19 (fetch/transfer)
D/BufferPoolAccessor2.0( 5483): bufferpool2 0xb400006f24e0f428 : 0(0 size) total buffers - 0(0 size) used buffers - 19/26 (recycle/alloc) - 15/26 (fetch/transfer)
D/BufferPoolAccessor2.0( 5483): bufferpool2 0xb400006f061d7c28 : 0(0 size) total buffers - 0(0 size) used buffers - 20/27 (recycle/alloc) - 10/27 (fetch/transfer)
D/BufferPoolAccessor2.0( 5483): bufferpool2 0xb400006f25277228 : 4(4194304 size) total buffers - 4(4194304 size) used buffers - 12/19 (recycle/alloc) - 7/19 (fetch/transfer)
D/BufferPoolAccessor2.0( 5483): bufferpool2 0xb4000067d1e30028 : 0(0 size) total buffers - 0(0 size) used buffers - 20/27 (recycle/alloc) - 9/27 (fetch/transfer)
D/BufferPoolAccessor2.0( 5483): bufferpool2 0xb4000067d1e30428 : 4(4194304 size) total buffers - 4(4194304 size) used buffers - 13/19 (recycle/alloc) - 8/19 (fetch/transfer)
D/BufferPoolAccessor2.0( 5483): bufferpool2 0xb400006f4e45c428 : 4(4194304 size) total buffers - 4(4194304 size) used buffers - 14/19 (recycle/alloc) - 6/19 (fetch/transfer)
D/AudioTrack( 5483): destructor portId(151)
I/AudioTrack( 5483): stop(151): prior state:STATE_FLUSHED
D/CCodecBufferChannel( 5483): [c2.unisoc.vp9.decoder#915] Ignoring stale input buffer done callback: last flush index = 19, frameIndex = 15
D/mali_gralloc( 5483): register: id=2a900001534, handle=0xb400006fb9929f40, importpid=5483
D/mali_gralloc( 5483): unregister: id=2a900001534, handle=0xb400006f254172e0, base=0x0, importpid=5483, clone_count=2
D/MediaCodec( 5483): [0xb400006f4e56f800] setState: 8
D/MediaCodec( 5483): keep callback message for reclaim
D/CCodecBufferChannel( 5483): [c2.unisoc.vp9.decoder#915] flushed work; ignored.
D/CCodecBufferChannel( 5483): [c2.unisoc.vp9.decoder#915] Discard frames from previous generation.
D/MediaCodec( 5483): [0xb400006f4e56f800] setState: 6
I/CCodecConfig( 5483): query failed after returning 19 values (BAD_INDEX)
W/Codec2Client( 5483): query -- param skipped: index = 1342179345.
W/Codec2Client( 5483): query -- param skipped: index = 2415921170.
W/Codec2Client( 5483): query -- param skipped: index = 1610614798.
D/MediaCodec( 5483): [0xb400006f4e56e000] setState: 10
D/CCodecBufferChannel( 5483): [c2.android.aac.decoder#883] MediaCodec discarded an unknown buffer
D/CCodecBufferChannel( 5483): [c2.android.aac.decoder#883] MediaCodec discarded an unknown buffer
D/CCodecBufferChannel( 5483): [c2.android.aac.decoder#883] MediaCodec discarded an unknown buffer
D/CCodecBufferChannel( 5483): [c2.android.aac.decoder#883] MediaCodec discarded an unknown buffer
I/Codec2-HalSelection( 5483): selection: hidl
I/MediaCodec( 5483): [c2.unisoc.vp9.decoder] connecting to the same surface. Nothing to do.
D/MediaCodec( 5483): [0xb400006f4e56f800] setState: 10
D/SSenseEx( 5483): report data to the sprdssense service,---stop
D/CCodecBufferChannel( 5483): [c2.unisoc.vp9.decoder#915] MediaCodec discarded an unknown buffer
I/Codec2-HalSelection( 5483): selection: hidl
D/CCodecBufferChannel( 5483): [c2.unisoc.vp9.decoder#915] MediaCodec discarded an unknown buffer
D/CCodecBufferChannel( 5483): [c2.unisoc.vp9.decoder#915] MediaCodec discarded an unknown buffer
D/CCodecBufferChannel( 5483): [c2.unisoc.vp9.decoder#915] MediaCodec discarded an unknown buffer
I/hw-BpHwBinder( 5483): onLastStrongRef automatically unlinking death recipients
D/MediaCodec( 5483): [0xb400006f4e56f800] setState: 0
D/SurfaceUtils( 5483): disconnecting from surface 0xb400006f06248010, reason disconnectFromSurface
D/mali_gralloc( 5483): unregister: id=2a900001537, handle=0xb400006f254173c0, base=0x0, importpid=5483, clone_count=1
D/mali_gralloc( 5483): unregister: id=2a900001538, handle=0xb400006f25417820, base=0x0, importpid=5483, clone_count=1
D/mali_gralloc( 5483): unregister: id=2a900001539, handle=0xb400006f25417ac0, base=0x0, importpid=5483, clone_count=1
D/mali_gralloc( 5483): unregister: id=2a90000153a, handle=0xb400006f25417d60, base=0x0, importpid=5483, clone_count=1
D/mali_gralloc( 5483): unregister: id=2a90000153b, handle=0xb400006f25417f20, base=0x0, importpid=5483, clone_count=1
D/mali_gralloc( 5483): unregister: id=2a90000153c, handle=0xb400006f4e5860e0, base=0x0, importpid=5483, clone_count=1
D/mali_gralloc( 5483): unregister: id=2a90000153d, handle=0xb400006f4e5861c0, base=0x0, importpid=5483, clone_count=1
D/mali_gralloc( 5483): unregister: id=2a90000153e, handle=0xb400006f4e586000, base=0x0, importpid=5483, clone_count=1
D/mali_gralloc( 5483): unregister: id=2a90000153f, handle=0xb400006f4e586620, base=0x0, importpid=5483, clone_count=1
D/mali_gralloc( 5483): unregister: id=2a900001540, handle=0xb400006f4e5867e0, base=0x0, importpid=5483, clone_count=1
D/mali_gralloc( 5483): unregister: id=2a900001541, handle=0xb400006f4e586380, base=0x0, importpid=5483, clone_count=1
D/mali_gralloc( 5483): unregister: id=2a900001534, handle=0xb400006f25416be0, base=0x0, importpid=5483, clone_count=1
D/mali_gralloc( 5483): unregister: id=2a900001532, handle=0xb400006f25416da0, base=0x0, importpid=5483, clone_count=1
D/mali_gralloc( 5483): unregister: id=2a900001533, handle=0xb400006f25416e80, base=0x0, importpid=5483, clone_count=0
D/MediaCodec( 5483): [0xb400006f4e56e000] setState: 0
D/mali_gralloc( 5483): unregister: id=2a900001535, handle=0xb400006f25417120, base=0x0, importpid=5483, clone_count=1
D/mali_gralloc( 5483): unregister: id=2a900001536, handle=0xb400006f25417580, base=0x0, importpid=5483, clone_count=1
D/mali_gralloc( 5483): unregister: id=2a900001541, handle=0xb400006f4e586b60, base=0x0, importpid=5483, clone_count=0
D/mali_gralloc( 5483): unregister: id=2a900001540, handle=0xb400006f4e586a80, base=0x0, importpid=5483, clone_count=0
D/mali_gralloc( 5483): unregister: id=2a90000153f, handle=0xb400006f4e5868c0, base=0x0, importpid=5483, clone_count=0
D/mali_gralloc( 5483): unregister: id=2a90000153e, handle=0xb400006f4e586700, base=0x0, importpid=5483, clone_count=0
D/mali_gralloc( 5483): unregister: id=2a90000153d, handle=0xb400006f4e586540, base=0x0, importpid=5483, clone_count=0
D/mali_gralloc( 5483): unregister: id=2a90000153c, handle=0xb400006f4e5862a0, base=0x0, importpid=5483, clone_count=0
D/mali_gralloc( 5483): unregister: id=2a90000153b, handle=0xb400006f25417900, base=0x0, importpid=5483, clone_count=0
D/mali_gralloc( 5483): unregister: id=2a90000153a, handle=0xb400006f25417660, base=0x0, importpid=5483, clone_count=0
D/mali_gralloc( 5483): unregister: id=2a900001539, handle=0xb400006f25417e40, base=0x0, importpid=5483, clone_count=0
D/mali_gralloc( 5483): unregister: id=2a900001538, handle=0xb400006f25417ba0, base=0x0, importpid=5483, clone_count=0
D/mali_gralloc( 5483): unregister: id=2a900001537, handle=0xb400006f25417c80, base=0x0, importpid=5483, clone_count=0
D/mali_gralloc( 5483): unregister: id=2a900001536, handle=0xb400006f254179e0, base=0x0, importpid=5483, clone_count=0
D/mali_gralloc( 5483): unregister: id=2a900001535, handle=0xb400006f25416400, base=0x0, importpid=5483, clone_count=0
D/mali_gralloc( 5483): unregister: id=2a900001534, handle=0xb400006fb9929f40, base=0x0, importpid=5483, clone_count=0
D/mali_gralloc( 5483): unregister: id=2a900001532, handle=0xb400006f25417200, base=0x0, importpid=5483, clone_count=0
I/hw-BpHwBinder( 5483): onLastStrongRef automatically unlinking death recipients
D/BufferPoolAccessor2.0( 5483): bufferpool2 0xb400006fb33b3c28 : 0(0 size) total buffers - 0(0 size) used buffers - 21/32 (recycle/alloc) - 6/27 (fetch/transfer)
D/BufferPoolAccessor2.0( 5483): evictor expired: 1, evicted: 1
I/flutter ( 5483): Received heartbeat response from realtime server
D/BufferPoolAccessor2.0( 5483): bufferpool2 0xb400006f252f1028 : 0(0 size) total buffers - 0(0 size) used buffers - 18/23 (recycle/alloc) - 5/22 (fetch/transfer)
D/BufferPoolAccessor2.0( 5483): evictor expired: 1, evicted: 1
I/flutter ( 5483): Received heartbeat response from realtime server
I/flutter ( 5483): Received heartbeat response from realtime server
Lost connection to device.
